﻿<?xml version="1.0" encoding="utf-8"?><?mso-application progid="Excel.Sheet"?><Workbook xmlns:o="urn:schemas-microsoft-com:office:office" xmlns:x="urn:schemas-microsoft-com:office:excel" xmlns:ss="urn:schemas-microsoft-com:office:spreadsheet" xmlns="urn:schemas-microsoft-com:office:spreadsheet" xmlns:x2="urn:schemas-microsoft-com:office:excel2" xmlns:html="http://www.w3.org/TR/REC-html40" xmlns:dt="uuid:C2F41010-65B3-11d1-A29F-00AA00C14882">
 <x:ExcelWorkbook>
  <x:ActiveSheet>0</x:ActiveSheet>
 </x:ExcelWorkbook>
 <o:DocumentProperties>
  <o:Created>2015-06-05T18:19:34Z</o:Created>
  <o:LastSaved>2025-05-14T11:53:45Z</o:LastSaved>
 </o:DocumentProperties>
 <Styles>
  <Style ss:ID="Default" ss:Name="Normal">
   <ss:Alignment ss:Vertical="Bottom" />
   <ss:Font ss:Color="#000000" ss:FontName="Calibri" ss:Size="11" />
  </Style>
  <Style ss:ID="S21">
   <ss:Alignment ss:Horizontal="Center" ss:Vertical="Center" />
   <ss:Borders>
    <ss:Border ss:Position="Left" ss:Color="#000000" ss:LineStyle="Continuous" ss:Weight="1" />
    <ss:Border ss:Position="Top" ss:Color="#000000" ss:LineStyle="Continuous" ss:Weight="1" />
    <ss:Border ss:Position="Right" ss:Color="#000000" ss:LineStyle="Continuous" ss:Weight="1" />
    <ss:Border ss:Position="Bottom" ss:Color="#000000" ss:LineStyle="Continuous" ss:Weight="1" />
   </ss:Borders>
   <ss:Font ss:Bold="1" ss:Color="#000000" ss:FontName="Calibri" ss:Size="11" />
   <ss:Interior ss:Color="#C0C0C0" ss:Pattern="Solid" />
  </Style>
  <Style ss:ID="S22">
   <ss:Alignment ss:Horizontal="Left" ss:Vertical="Bottom" />
   <ss:Borders>
    <ss:Border ss:Position="Left" ss:Color="#000000" ss:LineStyle="Continuous" ss:Weight="1" />
    <ss:Border ss:Position="Top" ss:Color="#000000" ss:LineStyle="Continuous" ss:Weight="1" />
    <ss:Border ss:Position="Right" ss:Color="#000000" ss:LineStyle="Continuous" ss:Weight="1" />
    <ss:Border ss:Position="Bottom" ss:Color="#000000" ss:LineStyle="Continuous" ss:Weight="1" />
   </ss:Borders>
   <ss:Font ss:Color="#000000" ss:FontName="Calibri" ss:Size="11" />
  </Style>
 </Styles>
 <Worksheet ss:Name="Plan1">
  <ss:Names>
   <ss:NamedRange ss:Name="_FilterDatabase" ss:Hidden="1" ss:RefersTo="=Plan1!R1C1:R1C2" />
  </ss:Names>
  <ss:Table ss:DefaultRowHeight="15" ss:DefaultColumnWidth="48" ss:ExpandedRowCount="360" ss:ExpandedColumnCount="2">
   <Column ss:Index="1" ss:AutoFitWidth="0" ss:Width="342" />
   <Column ss:Index="2" ss:AutoFitWidth="0" ss:Width="49.5" />
   <Row ss:Index="1">
    <Cell ss:StyleID="S21"><Data ss:Type="String">Nome</Data>
    </Cell>
    <Cell ss:StyleID="S21"><Data ss:Type="String">Equipe</Data>
    </Cell>
   </Row>
   <Row ss:Index="2">
    <Cell ss:StyleID="S22"><Data ss:Type="String">Adriana Nogueira do Nascimento (POLO)</Data>
    </Cell>
    <Cell ss:StyleID="S22"><Data ss:Type="String">Carteira 1</Data>
    </Cell>
   </Row>
   <Row ss:Index="3">
    <Cell ss:StyleID="S22"><Data ss:Type="String">Alcinete Silva Pereira (POLO)</Data>
    </Cell>
    <Cell ss:StyleID="S22"><Data ss:Type="String">Carteira 1</Data>
    </Cell>
   </Row>
   <Row ss:Index="4">
    <Cell ss:StyleID="S22"><Data ss:Type="String">ALEX DAMASCENA DOS SANTOS (POLO)</Data>
    </Cell>
    <Cell ss:StyleID="S22"><Data ss:Type="String">Carteira 1</Data>
    </Cell>
   </Row>
   <Row ss:Index="5">
    <Cell ss:StyleID="S22"><Data ss:Type="String">AMADEU CORDEIRO TEIXEIRA (POLO)</Data>
    </Cell>
    <Cell ss:StyleID="S22"><Data ss:Type="String">Carteira 1</Data>
    </Cell>
   </Row>
   <Row ss:Index="6">
    <Cell ss:StyleID="S22"><Data ss:Type="String">ANDREA MARCIA DA SILVA MONTALVAO (POLO)</Data>
    </Cell>
    <Cell ss:StyleID="S22"><Data ss:Type="String">Carteira 1</Data>
    </Cell>
   </Row>
   <Row ss:Index="7">
    <Cell ss:StyleID="S22"><Data ss:Type="String">ANTONIO ENIVALDO HONORIO DE SOUZA (POLO)</Data>
    </Cell>
    <Cell ss:StyleID="S22"><Data ss:Type="String">Carteira 1</Data>
    </Cell>
   </Row>
   <Row ss:Index="8">
    <Cell ss:StyleID="S22"><Data ss:Type="String">ANTONIO PINHEIRO DE REZENDE (POLO)</Data>
    </Cell>
    <Cell ss:StyleID="S22"><Data ss:Type="String">Carteira 1</Data>
    </Cell>
   </Row>
   <Row ss:Index="9">
    <Cell ss:StyleID="S22"><Data ss:Type="String">Antônio Rodolfo de Siqueira</Data>
    </Cell>
    <Cell ss:StyleID="S22"><Data ss:Type="String">Carteira 1</Data>
    </Cell>
   </Row>
   <Row ss:Index="10">
    <Cell ss:StyleID="S22"><Data ss:Type="String">CARLANA DA SILVA ALFAIA (POLO)</Data>
    </Cell>
    <Cell ss:StyleID="S22"><Data ss:Type="String">Carteira 1</Data>
    </Cell>
   </Row>
   <Row ss:Index="11">
    <Cell ss:StyleID="S22"><Data ss:Type="String">CLAUDIA MARIA DE SOUSA FREIRE (POLO)</Data>
    </Cell>
    <Cell ss:StyleID="S22"><Data ss:Type="String">Carteira 1</Data>
    </Cell>
   </Row>
   <Row ss:Index="12">
    <Cell ss:StyleID="S22"><Data ss:Type="String">Clodoaldo Reis Azarias (POLO)</Data>
    </Cell>
    <Cell ss:StyleID="S22"><Data ss:Type="String">Carteira 1</Data>
    </Cell>
   </Row>
   <Row ss:Index="13">
    <Cell ss:StyleID="S22"><Data ss:Type="String">Daiane Leandro Lima Pereira (POLO)</Data>
    </Cell>
    <Cell ss:StyleID="S22"><Data ss:Type="String">Carteira 1</Data>
    </Cell>
   </Row>
   <Row ss:Index="14">
    <Cell ss:StyleID="S22"><Data ss:Type="String">Débora do Nascimento Teófilo</Data>
    </Cell>
    <Cell ss:StyleID="S22"><Data ss:Type="String">Carteira 1</Data>
    </Cell>
   </Row>
   <Row ss:Index="15">
    <Cell ss:StyleID="S22"><Data ss:Type="String">DIEGO MUNHOZ FERREIRA (POLO)</Data>
    </Cell>
    <Cell ss:StyleID="S22"><Data ss:Type="String">Carteira 1</Data>
    </Cell>
   </Row>
   <Row ss:Index="16">
    <Cell ss:StyleID="S22"><Data ss:Type="String">DILMA FERREIRA DE OLIVEIRA COLODEL (POLO)</Data>
    </Cell>
    <Cell ss:StyleID="S22"><Data ss:Type="String">Carteira 1</Data>
    </Cell>
   </Row>
   <Row ss:Index="17">
    <Cell ss:StyleID="S22"><Data ss:Type="String">EDILEUZA MENDES SANTOS DE LIMA / ARTHUR MENDES DE LIMA (POLO)</Data>
    </Cell>
    <Cell ss:StyleID="S22"><Data ss:Type="String">Carteira 1</Data>
    </Cell>
   </Row>
   <Row ss:Index="18">
    <Cell ss:StyleID="S22"><Data ss:Type="String">Eliane Barbosa Dantas (POLO)</Data>
    </Cell>
    <Cell ss:StyleID="S22"><Data ss:Type="String">Carteira 1</Data>
    </Cell>
   </Row>
   <Row ss:Index="19">
    <Cell ss:StyleID="S22"><Data ss:Type="String">Elisa Oleide Dambrós Pereira</Data>
    </Cell>
    <Cell ss:StyleID="S22"><Data ss:Type="String">Carteira 1</Data>
    </Cell>
   </Row>
   <Row ss:Index="20">
    <Cell ss:StyleID="S22"><Data ss:Type="String">FATIMA APARECIDA PERALTA (POLO)</Data>
    </Cell>
    <Cell ss:StyleID="S22"><Data ss:Type="String">Carteira 1</Data>
    </Cell>
   </Row>
   <Row ss:Index="21">
    <Cell ss:StyleID="S22"><Data ss:Type="String">Flávio de Mello Lopes</Data>
    </Cell>
    <Cell ss:StyleID="S22"><Data ss:Type="String">Carteira 1</Data>
    </Cell>
   </Row>
   <Row ss:Index="22">
    <Cell ss:StyleID="S22"><Data ss:Type="String">GABRIEL PINHEIRO RIBEIRO (POLO)</Data>
    </Cell>
    <Cell ss:StyleID="S22"><Data ss:Type="String">Carteira 1</Data>
    </Cell>
   </Row>
   <Row ss:Index="23">
    <Cell ss:StyleID="S22"><Data ss:Type="String">GLENDA ALINE RODRIGUES MOREIRA (POLO)</Data>
    </Cell>
    <Cell ss:StyleID="S22"><Data ss:Type="String">Carteira 1</Data>
    </Cell>
   </Row>
   <Row ss:Index="24">
    <Cell ss:StyleID="S22"><Data ss:Type="String">Iapeg Instituto de Apoio Pedagogico em Goiás</Data>
    </Cell>
    <Cell ss:StyleID="S22"><Data ss:Type="String">Carteira 1</Data>
    </Cell>
   </Row>
   <Row ss:Index="25">
    <Cell ss:StyleID="S22"><Data ss:Type="String">IEDA ALVES PAIVA (POLO)</Data>
    </Cell>
    <Cell ss:StyleID="S22"><Data ss:Type="String">Carteira 1</Data>
    </Cell>
   </Row>
   <Row ss:Index="26">
    <Cell ss:StyleID="S22"><Data ss:Type="String">ILIONI APARECIDA DE OLIVEIRA</Data>
    </Cell>
    <Cell ss:StyleID="S22"><Data ss:Type="String">Carteira 1</Data>
    </Cell>
   </Row>
   <Row ss:Index="27">
    <Cell ss:StyleID="S22"><Data ss:Type="String">JADY SELVA DA SILVA ARAUJO (POLO)</Data>
    </Cell>
    <Cell ss:StyleID="S22"><Data ss:Type="String">Carteira 1</Data>
    </Cell>
   </Row>
   <Row ss:Index="28">
    <Cell ss:StyleID="S22"><Data ss:Type="String">JAIME TELES DOS SANTOS (POLO)</Data>
    </Cell>
    <Cell ss:StyleID="S22"><Data ss:Type="String">Carteira 1</Data>
    </Cell>
   </Row>
   <Row ss:Index="29">
    <Cell ss:StyleID="S22"><Data ss:Type="String">JOSE DONIZETE DE CASTRO (POLO)</Data>
    </Cell>
    <Cell ss:StyleID="S22"><Data ss:Type="String">Carteira 1</Data>
    </Cell>
   </Row>
   <Row ss:Index="30">
    <Cell ss:StyleID="S22"><Data ss:Type="String">LEANDRO GERALDO DOS SANTOS (POLO)</Data>
    </Cell>
    <Cell ss:StyleID="S22"><Data ss:Type="String">Carteira 1</Data>
    </Cell>
   </Row>
   <Row ss:Index="31">
    <Cell ss:StyleID="S22"><Data ss:Type="String">LEINE CLAUDIA RODRIGUES DE SOUZA (POLO)</Data>
    </Cell>
    <Cell ss:StyleID="S22"><Data ss:Type="String">Carteira 1</Data>
    </Cell>
   </Row>
   <Row ss:Index="32">
    <Cell ss:StyleID="S22"><Data ss:Type="String">LENI DE MOURA BARROS (POLO)</Data>
    </Cell>
    <Cell ss:StyleID="S22"><Data ss:Type="String">Carteira 1</Data>
    </Cell>
   </Row>
   <Row ss:Index="33">
    <Cell ss:StyleID="S22"><Data ss:Type="String">Letícia Cláudia Camargo Fargnoli (POLO)</Data>
    </Cell>
    <Cell ss:StyleID="S22"><Data ss:Type="String">Carteira 1</Data>
    </Cell>
   </Row>
   <Row ss:Index="34">
    <Cell ss:StyleID="S22"><Data ss:Type="String">Liliane Gonçalves de Lima</Data>
    </Cell>
    <Cell ss:StyleID="S22"><Data ss:Type="String">Carteira 1</Data>
    </Cell>
   </Row>
   <Row ss:Index="35">
    <Cell ss:StyleID="S22"><Data ss:Type="String">MARCOS DE SOUZA (POLO)</Data>
    </Cell>
    <Cell ss:StyleID="S22"><Data ss:Type="String">Carteira 1</Data>
    </Cell>
   </Row>
   <Row ss:Index="36">
    <Cell ss:StyleID="S22"><Data ss:Type="String">MARIA LUIZA ALVES NETA (POLO)</Data>
    </Cell>
    <Cell ss:StyleID="S22"><Data ss:Type="String">Carteira 1</Data>
    </Cell>
   </Row>
   <Row ss:Index="37">
    <Cell ss:StyleID="S22"><Data ss:Type="String">MARIO DE OLIVEIRA MARTINS (POLO)</Data>
    </Cell>
    <Cell ss:StyleID="S22"><Data ss:Type="String">Carteira 1</Data>
    </Cell>
   </Row>
   <Row ss:Index="38">
    <Cell ss:StyleID="S22"><Data ss:Type="String">Med Vantagens Consultoria e Corretora de Seguros</Data>
    </Cell>
    <Cell ss:StyleID="S22"><Data ss:Type="String">Carteira 1</Data>
    </Cell>
   </Row>
   <Row ss:Index="39">
    <Cell ss:StyleID="S22"><Data ss:Type="String">MONICA APARECIDA MARQUES (POLO)</Data>
    </Cell>
    <Cell ss:StyleID="S22"><Data ss:Type="String">Carteira 1</Data>
    </Cell>
   </Row>
   <Row ss:Index="40">
    <Cell ss:StyleID="S22"><Data ss:Type="String">Nandara</Data>
    </Cell>
    <Cell ss:StyleID="S22"><Data ss:Type="String">Carteira 1</Data>
    </Cell>
   </Row>
   <Row ss:Index="41">
    <Cell ss:StyleID="S22"><Data ss:Type="String">NELSON MANUEL CARVALHO SILVA LIMA</Data>
    </Cell>
    <Cell ss:StyleID="S22"><Data ss:Type="String">Carteira 1</Data>
    </Cell>
   </Row>
   <Row ss:Index="42">
    <Cell ss:StyleID="S22"><Data ss:Type="String">NOEME ALVES DA COSTA MANZICO (POLO)</Data>
    </Cell>
    <Cell ss:StyleID="S22"><Data ss:Type="String">Carteira 1</Data>
    </Cell>
   </Row>
   <Row ss:Index="43">
    <Cell ss:StyleID="S22"><Data ss:Type="String">RAIMUNDO FERREIRA RODRIGUES / HELORRAYNE (POLO)</Data>
    </Cell>
    <Cell ss:StyleID="S22"><Data ss:Type="String">Carteira 1</Data>
    </Cell>
   </Row>
   <Row ss:Index="44">
    <Cell ss:StyleID="S22"><Data ss:Type="String">Roney Rabelo Felix</Data>
    </Cell>
    <Cell ss:StyleID="S22"><Data ss:Type="String">Carteira 1</Data>
    </Cell>
   </Row>
   <Row ss:Index="45">
    <Cell ss:StyleID="S22"><Data ss:Type="String">Ronnyelle Pinto do Carmo (POLO)</Data>
    </Cell>
    <Cell ss:StyleID="S22"><Data ss:Type="String">Carteira 1</Data>
    </Cell>
   </Row>
   <Row ss:Index="46">
    <Cell ss:StyleID="S22"><Data ss:Type="String">ROSANA DOS SANTOS CANAL (POLO)</Data>
    </Cell>
    <Cell ss:StyleID="S22"><Data ss:Type="String">Carteira 1</Data>
    </Cell>
   </Row>
   <Row ss:Index="47">
    <Cell ss:StyleID="S22"><Data ss:Type="String">ROSEMERY ALVES SILVA (POLO)</Data>
    </Cell>
    <Cell ss:StyleID="S22"><Data ss:Type="String">Carteira 1</Data>
    </Cell>
   </Row>
   <Row ss:Index="48">
    <Cell ss:StyleID="S22"><Data ss:Type="String">Thais de Paula e Silva (POLO)</Data>
    </Cell>
    <Cell ss:StyleID="S22"><Data ss:Type="String">Carteira 1</Data>
    </Cell>
   </Row>
   <Row ss:Index="49">
    <Cell ss:StyleID="S22"><Data ss:Type="String">Tulio Vinicius Gomes Andrade (PARCEIRO)</Data>
    </Cell>
    <Cell ss:StyleID="S22"><Data ss:Type="String">Carteira 1</Data>
    </Cell>
   </Row>
   <Row ss:Index="50">
    <Cell ss:StyleID="S22"><Data ss:Type="String">ULISSES BERNARDO GALVAO DE OLIVEIRA (POLO)</Data>
    </Cell>
    <Cell ss:StyleID="S22"><Data ss:Type="String">Carteira 1</Data>
    </Cell>
   </Row>
   <Row ss:Index="51">
    <Cell ss:StyleID="S22"><Data ss:Type="String">WIRLEY MOREIRA DA SILVA (POLO)</Data>
    </Cell>
    <Cell ss:StyleID="S22"><Data ss:Type="String">Carteira 1</Data>
    </Cell>
   </Row>
   <Row ss:Index="52">
    <Cell ss:StyleID="S22"><Data ss:Type="String">ALESSANDRO EUZEBIO BATISTA</Data>
    </Cell>
    <Cell ss:StyleID="S22"><Data ss:Type="String">Carteira 2</Data>
    </Cell>
   </Row>
   <Row ss:Index="53">
    <Cell ss:StyleID="S22"><Data ss:Type="String">Altivo Ferreira Santana Neto (POLO)</Data>
    </Cell>
    <Cell ss:StyleID="S22"><Data ss:Type="String">Carteira 2</Data>
    </Cell>
   </Row>
   <Row ss:Index="54">
    <Cell ss:StyleID="S22"><Data ss:Type="String">AMANDA MAGALHAES CARVALHO SILVA (POLO)</Data>
    </Cell>
    <Cell ss:StyleID="S22"><Data ss:Type="String">Carteira 2</Data>
    </Cell>
   </Row>
   <Row ss:Index="55">
    <Cell ss:StyleID="S22"><Data ss:Type="String">AMARILIDES BATISTA PEREIRA</Data>
    </Cell>
    <Cell ss:StyleID="S22"><Data ss:Type="String">Carteira 2</Data>
    </Cell>
   </Row>
   <Row ss:Index="56">
    <Cell ss:StyleID="S22"><Data ss:Type="String">Anderson Carlos Diniz Silva</Data>
    </Cell>
    <Cell ss:StyleID="S22"><Data ss:Type="String">Carteira 2</Data>
    </Cell>
   </Row>
   <Row ss:Index="57">
    <Cell ss:StyleID="S22"><Data ss:Type="String">ANDRE SANTOS CARDOSO</Data>
    </Cell>
    <Cell ss:StyleID="S22"><Data ss:Type="String">Carteira 2</Data>
    </Cell>
   </Row>
   <Row ss:Index="58">
    <Cell ss:StyleID="S22"><Data ss:Type="String">André Silva Prata</Data>
    </Cell>
    <Cell ss:StyleID="S22"><Data ss:Type="String">Carteira 2</Data>
    </Cell>
   </Row>
   <Row ss:Index="59">
    <Cell ss:StyleID="S22"><Data ss:Type="String">ASEC ASSOCIAÇÃO EDUCACIONAL COMUNITARIA</Data>
    </Cell>
    <Cell ss:StyleID="S22"><Data ss:Type="String">Carteira 2</Data>
    </Cell>
   </Row>
   <Row ss:Index="60">
    <Cell ss:StyleID="S22"><Data ss:Type="String">Cristovao Gomes Ribeiro</Data>
    </Cell>
    <Cell ss:StyleID="S22"><Data ss:Type="String">Carteira 2</Data>
    </Cell>
   </Row>
   <Row ss:Index="61">
    <Cell ss:StyleID="S22"><Data ss:Type="String">Daniel Ferreira da Silva</Data>
    </Cell>
    <Cell ss:StyleID="S22"><Data ss:Type="String">Carteira 2</Data>
    </Cell>
   </Row>
   <Row ss:Index="62">
    <Cell ss:StyleID="S22"><Data ss:Type="String">DENIZE SILVEIRA RIBEIRO (POLO)</Data>
    </Cell>
    <Cell ss:StyleID="S22"><Data ss:Type="String">Carteira 2</Data>
    </Cell>
   </Row>
   <Row ss:Index="63">
    <Cell ss:StyleID="S22"><Data ss:Type="String">DIRCEU NOVAIS FERREIRA (POLO)</Data>
    </Cell>
    <Cell ss:StyleID="S22"><Data ss:Type="String">Carteira 2</Data>
    </Cell>
   </Row>
   <Row ss:Index="64">
    <Cell ss:StyleID="S22"><Data ss:Type="String">Edson Fonseca dos Santos</Data>
    </Cell>
    <Cell ss:StyleID="S22"><Data ss:Type="String">Carteira 2</Data>
    </Cell>
   </Row>
   <Row ss:Index="65">
    <Cell ss:StyleID="S22"><Data ss:Type="String">Eulalia Maria de Azevedo Resende (POLO)</Data>
    </Cell>
    <Cell ss:StyleID="S22"><Data ss:Type="String">Carteira 2</Data>
    </Cell>
   </Row>
   <Row ss:Index="66">
    <Cell ss:StyleID="S22"><Data ss:Type="String">Francisco Rosiel de Freitas Silva</Data>
    </Cell>
    <Cell ss:StyleID="S22"><Data ss:Type="String">Carteira 2</Data>
    </Cell>
   </Row>
   <Row ss:Index="67">
    <Cell ss:StyleID="S22"><Data ss:Type="String">GERSON LUIZ MOREIRA</Data>
    </Cell>
    <Cell ss:StyleID="S22"><Data ss:Type="String">Carteira 2</Data>
    </Cell>
   </Row>
   <Row ss:Index="68">
    <Cell ss:StyleID="S22"><Data ss:Type="String">GISELE DE SOUZA ANACLETO (POLO)</Data>
    </Cell>
    <Cell ss:StyleID="S22"><Data ss:Type="String">Carteira 2</Data>
    </Cell>
   </Row>
   <Row ss:Index="69">
    <Cell ss:StyleID="S22"><Data ss:Type="String">JOSENILDO MANOEL BARROS (POLO)</Data>
    </Cell>
    <Cell ss:StyleID="S22"><Data ss:Type="String">Carteira 2</Data>
    </Cell>
   </Row>
   <Row ss:Index="70">
    <Cell ss:StyleID="S22"><Data ss:Type="String">Laurent Kifer Moreira</Data>
    </Cell>
    <Cell ss:StyleID="S22"><Data ss:Type="String">Carteira 2</Data>
    </Cell>
   </Row>
   <Row ss:Index="71">
    <Cell ss:StyleID="S22"><Data ss:Type="String">LINEIA SOARES DA SILVA</Data>
    </Cell>
    <Cell ss:StyleID="S22"><Data ss:Type="String">Carteira 2</Data>
    </Cell>
   </Row>
   <Row ss:Index="72">
    <Cell ss:StyleID="S22"><Data ss:Type="String">Marcos Rodrigo Leite</Data>
    </Cell>
    <Cell ss:StyleID="S22"><Data ss:Type="String">Carteira 2</Data>
    </Cell>
   </Row>
   <Row ss:Index="73">
    <Cell ss:StyleID="S22"><Data ss:Type="String">MARGARETH DO ROSARIO R DE ALMEIDA PEREIRA (POLO)</Data>
    </Cell>
    <Cell ss:StyleID="S22"><Data ss:Type="String">Carteira 2</Data>
    </Cell>
   </Row>
   <Row ss:Index="74">
    <Cell ss:StyleID="S22"><Data ss:Type="String">MARIA COLODIANO</Data>
    </Cell>
    <Cell ss:StyleID="S22"><Data ss:Type="String">Carteira 2</Data>
    </Cell>
   </Row>
   <Row ss:Index="75">
    <Cell ss:StyleID="S22"><Data ss:Type="String">Maria do Socorro de Brito Siqueira Campos</Data>
    </Cell>
    <Cell ss:StyleID="S22"><Data ss:Type="String">Carteira 2</Data>
    </Cell>
   </Row>
   <Row ss:Index="76">
    <Cell ss:StyleID="S22"><Data ss:Type="String">Maria Lucia de Araújo</Data>
    </Cell>
    <Cell ss:StyleID="S22"><Data ss:Type="String">Carteira 2</Data>
    </Cell>
   </Row>
   <Row ss:Index="77">
    <Cell ss:StyleID="S22"><Data ss:Type="String">MARILENE ALVES PINHEIRO</Data>
    </Cell>
    <Cell ss:StyleID="S22"><Data ss:Type="String">Carteira 2</Data>
    </Cell>
   </Row>
   <Row ss:Index="78">
    <Cell ss:StyleID="S22"><Data ss:Type="String">Meire Cristina de Oliveira Machado</Data>
    </Cell>
    <Cell ss:StyleID="S22"><Data ss:Type="String">Carteira 2</Data>
    </Cell>
   </Row>
   <Row ss:Index="79">
    <Cell ss:StyleID="S22"><Data ss:Type="String">MICHELINA HENRIQUE DA ROCHA</Data>
    </Cell>
    <Cell ss:StyleID="S22"><Data ss:Type="String">Carteira 2</Data>
    </Cell>
   </Row>
   <Row ss:Index="80">
    <Cell ss:StyleID="S22"><Data ss:Type="String">Nilton José de Pinho (POLO)</Data>
    </Cell>
    <Cell ss:StyleID="S22"><Data ss:Type="String">Carteira 2</Data>
    </Cell>
   </Row>
   <Row ss:Index="81">
    <Cell ss:StyleID="S22"><Data ss:Type="String">PAULO HENRIQUE DA SILVA LEITAO (POLO)</Data>
    </Cell>
    <Cell ss:StyleID="S22"><Data ss:Type="String">Carteira 2</Data>
    </Cell>
   </Row>
   <Row ss:Index="82">
    <Cell ss:StyleID="S22"><Data ss:Type="String">Rodrigo Guedes Dos Santos</Data>
    </Cell>
    <Cell ss:StyleID="S22"><Data ss:Type="String">Carteira 2</Data>
    </Cell>
   </Row>
   <Row ss:Index="83">
    <Cell ss:StyleID="S22"><Data ss:Type="String">RV SERVIÇOS EDUCACIONAIS E COMERCIAIS EIRELI</Data>
    </Cell>
    <Cell ss:StyleID="S22"><Data ss:Type="String">Carteira 2</Data>
    </Cell>
   </Row>
   <Row ss:Index="84">
    <Cell ss:StyleID="S22"><Data ss:Type="String">Sandra Maria Alves Barbosa Melo</Data>
    </Cell>
    <Cell ss:StyleID="S22"><Data ss:Type="String">Carteira 2</Data>
    </Cell>
   </Row>
   <Row ss:Index="85">
    <Cell ss:StyleID="S22"><Data ss:Type="String">Selma Coelho</Data>
    </Cell>
    <Cell ss:StyleID="S22"><Data ss:Type="String">Carteira 2</Data>
    </Cell>
   </Row>
   <Row ss:Index="86">
    <Cell ss:StyleID="S22"><Data ss:Type="String">Solange de Oliveira Bruneli</Data>
    </Cell>
    <Cell ss:StyleID="S22"><Data ss:Type="String">Carteira 2</Data>
    </Cell>
   </Row>
   <Row ss:Index="87">
    <Cell ss:StyleID="S22"><Data ss:Type="String">Suely Lula Teodoro Martins</Data>
    </Cell>
    <Cell ss:StyleID="S22"><Data ss:Type="String">Carteira 2</Data>
    </Cell>
   </Row>
   <Row ss:Index="88">
    <Cell ss:StyleID="S22"><Data ss:Type="String">Terezinha Lourenço</Data>
    </Cell>
    <Cell ss:StyleID="S22"><Data ss:Type="String">Carteira 2</Data>
    </Cell>
   </Row>
   <Row ss:Index="89">
    <Cell ss:StyleID="S22"><Data ss:Type="String">Thiago Juan Lima Pereira / Nome Fantasia</Data>
    </Cell>
    <Cell ss:StyleID="S22"><Data ss:Type="String">Carteira 2</Data>
    </Cell>
   </Row>
   <Row ss:Index="90">
    <Cell ss:StyleID="S22"><Data ss:Type="String">Urbano Rodrigues Azambuja</Data>
    </Cell>
    <Cell ss:StyleID="S22"><Data ss:Type="String">Carteira 2</Data>
    </Cell>
   </Row>
   <Row ss:Index="91">
    <Cell ss:StyleID="S22"><Data ss:Type="String">Valdeglacia Pinheiro Dantas Domingos</Data>
    </Cell>
    <Cell ss:StyleID="S22"><Data ss:Type="String">Carteira 2</Data>
    </Cell>
   </Row>
   <Row ss:Index="92">
    <Cell ss:StyleID="S22"><Data ss:Type="String">Vanderlei Alves de Macedo (POLO)</Data>
    </Cell>
    <Cell ss:StyleID="S22"><Data ss:Type="String">Carteira 2</Data>
    </Cell>
   </Row>
   <Row ss:Index="93">
    <Cell ss:StyleID="S22"><Data ss:Type="String">Vitória Regia Pinto Sodré Gama</Data>
    </Cell>
    <Cell ss:StyleID="S22"><Data ss:Type="String">Carteira 2</Data>
    </Cell>
   </Row>
   <Row ss:Index="94">
    <Cell ss:StyleID="S22"><Data ss:Type="String">Wagner da Silva Henriques</Data>
    </Cell>
    <Cell ss:StyleID="S22"><Data ss:Type="String">Carteira 2</Data>
    </Cell>
   </Row>
   <Row ss:Index="95">
    <Cell ss:StyleID="S22"><Data ss:Type="String">Walaci Magnago</Data>
    </Cell>
    <Cell ss:StyleID="S22"><Data ss:Type="String">Carteira 2</Data>
    </Cell>
   </Row>
   <Row ss:Index="96">
    <Cell ss:StyleID="S22"><Data ss:Type="String">WERIKA LILLIAN BATISTA NUNES</Data>
    </Cell>
    <Cell ss:StyleID="S22"><Data ss:Type="String">Carteira 2</Data>
    </Cell>
   </Row>
   <Row ss:Index="97">
    <Cell ss:StyleID="S22"><Data ss:Type="String">WILHAN NASCIMENTO DE JESUS</Data>
    </Cell>
    <Cell ss:StyleID="S22"><Data ss:Type="String">Carteira 2</Data>
    </Cell>
   </Row>
   <Row ss:Index="98">
    <Cell ss:StyleID="S22"><Data ss:Type="String">ADOLFO RAMOS MARQUES CENTURION</Data>
    </Cell>
    <Cell ss:StyleID="S22"><Data ss:Type="String">Carteira 4</Data>
    </Cell>
   </Row>
   <Row ss:Index="99">
    <Cell ss:StyleID="S22"><Data ss:Type="String">ALDECIR GOMES DA SILVA</Data>
    </Cell>
    <Cell ss:StyleID="S22"><Data ss:Type="String">Carteira 4</Data>
    </Cell>
   </Row>
   <Row ss:Index="100">
    <Cell ss:StyleID="S22"><Data ss:Type="String">ALESSANDRA TORRES FAGUNDES ALVES</Data>
    </Cell>
    <Cell ss:StyleID="S22"><Data ss:Type="String">Carteira 4</Data>
    </Cell>
   </Row>
   <Row ss:Index="101">
    <Cell ss:StyleID="S22"><Data ss:Type="String">Aline Araujo</Data>
    </Cell>
    <Cell ss:StyleID="S22"><Data ss:Type="String">Carteira 4</Data>
    </Cell>
   </Row>
   <Row ss:Index="102">
    <Cell ss:StyleID="S22"><Data ss:Type="String">ANA FLÁVIA SILVA BORGES COELHO</Data>
    </Cell>
    <Cell ss:StyleID="S22"><Data ss:Type="String">Carteira 4</Data>
    </Cell>
   </Row>
   <Row ss:Index="103">
    <Cell ss:StyleID="S22"><Data ss:Type="String">ANA LÚCIA ALMEIDA ABRANCHES</Data>
    </Cell>
    <Cell ss:StyleID="S22"><Data ss:Type="String">Carteira 4</Data>
    </Cell>
   </Row>
   <Row ss:Index="104">
    <Cell ss:StyleID="S22"><Data ss:Type="String">ANA LUIZA DE OLIVEIRA CASTRO (POLO)</Data>
    </Cell>
    <Cell ss:StyleID="S22"><Data ss:Type="String">Carteira 4</Data>
    </Cell>
   </Row>
   <Row ss:Index="105">
    <Cell ss:StyleID="S22"><Data ss:Type="String">ANDRE ANTUNES DA MATA (PARCEIRO)</Data>
    </Cell>
    <Cell ss:StyleID="S22"><Data ss:Type="String">Carteira 4</Data>
    </Cell>
   </Row>
   <Row ss:Index="106">
    <Cell ss:StyleID="S22"><Data ss:Type="String">ANDRE SOARES MENDES (PARCEIRO)</Data>
    </Cell>
    <Cell ss:StyleID="S22"><Data ss:Type="String">Carteira 4</Data>
    </Cell>
   </Row>
   <Row ss:Index="107">
    <Cell ss:StyleID="S22"><Data ss:Type="String">ANTONIO LEONARDO ALVES DE SOUSA</Data>
    </Cell>
    <Cell ss:StyleID="S22"><Data ss:Type="String">Carteira 4</Data>
    </Cell>
   </Row>
   <Row ss:Index="108">
    <Cell ss:StyleID="S22"><Data ss:Type="String">Antônio Marcos Cruz de Oliveira</Data>
    </Cell>
    <Cell ss:StyleID="S22"><Data ss:Type="String">Carteira 4</Data>
    </Cell>
   </Row>
   <Row ss:Index="109">
    <Cell ss:StyleID="S22"><Data ss:Type="String">BIANCA SILVA (PARCEIRO)</Data>
    </Cell>
    <Cell ss:StyleID="S22"><Data ss:Type="String">Carteira 4</Data>
    </Cell>
   </Row>
   <Row ss:Index="110">
    <Cell ss:StyleID="S22"><Data ss:Type="String">Bruna Daudt de Castro (PARCEIRO)</Data>
    </Cell>
    <Cell ss:StyleID="S22"><Data ss:Type="String">Carteira 4</Data>
    </Cell>
   </Row>
   <Row ss:Index="111">
    <Cell ss:StyleID="S22"><Data ss:Type="String">Caio Carvalho Vieira Nascimento (PARCEIRO)</Data>
    </Cell>
    <Cell ss:StyleID="S22"><Data ss:Type="String">Carteira 4</Data>
    </Cell>
   </Row>
   <Row ss:Index="112">
    <Cell ss:StyleID="S22"><Data ss:Type="String">CECILIA APARECIDA GHIROTTI (PARCEIRO)</Data>
    </Cell>
    <Cell ss:StyleID="S22"><Data ss:Type="String">Carteira 4</Data>
    </Cell>
   </Row>
   <Row ss:Index="113">
    <Cell ss:StyleID="S22"><Data ss:Type="String">Cleber Alves de Souza</Data>
    </Cell>
    <Cell ss:StyleID="S22"><Data ss:Type="String">Carteira 4</Data>
    </Cell>
   </Row>
   <Row ss:Index="114">
    <Cell ss:StyleID="S22"><Data ss:Type="String">CRISTIANE PACHECO BRAGA (PARCEIRO)</Data>
    </Cell>
    <Cell ss:StyleID="S22"><Data ss:Type="String">Carteira 4</Data>
    </Cell>
   </Row>
   <Row ss:Index="115">
    <Cell ss:StyleID="S22"><Data ss:Type="String">DAIANA MAIA DE CASTRO MALVEIRA</Data>
    </Cell>
    <Cell ss:StyleID="S22"><Data ss:Type="String">Carteira 4</Data>
    </Cell>
   </Row>
   <Row ss:Index="116">
    <Cell ss:StyleID="S22"><Data ss:Type="String">Daniel de Almeida Alves (PARCEIRO)</Data>
    </Cell>
    <Cell ss:StyleID="S22"><Data ss:Type="String">Carteira 4</Data>
    </Cell>
   </Row>
   <Row ss:Index="117">
    <Cell ss:StyleID="S22"><Data ss:Type="String">DAVID WON HELDER FERREIRA DE MIRANDA SANTOS</Data>
    </Cell>
    <Cell ss:StyleID="S22"><Data ss:Type="String">Carteira 4</Data>
    </Cell>
   </Row>
   <Row ss:Index="118">
    <Cell ss:StyleID="S22"><Data ss:Type="String">Deyvison Santos (PARCEIRO)</Data>
    </Cell>
    <Cell ss:StyleID="S22"><Data ss:Type="String">Carteira 4</Data>
    </Cell>
   </Row>
   <Row ss:Index="119">
    <Cell ss:StyleID="S22"><Data ss:Type="String">DICEIA COSTA MOREIRA (POLO)</Data>
    </Cell>
    <Cell ss:StyleID="S22"><Data ss:Type="String">Carteira 4</Data>
    </Cell>
   </Row>
   <Row ss:Index="120">
    <Cell ss:StyleID="S22"><Data ss:Type="String">Dirceia Cristina Silva Mendonça (PARCEIRO)</Data>
    </Cell>
    <Cell ss:StyleID="S22"><Data ss:Type="String">Carteira 4</Data>
    </Cell>
   </Row>
   <Row ss:Index="121">
    <Cell ss:StyleID="S22"><Data ss:Type="String">Edilene Marilia de Miranda Rodrigues</Data>
    </Cell>
    <Cell ss:StyleID="S22"><Data ss:Type="String">Carteira 4</Data>
    </Cell>
   </Row>
   <Row ss:Index="122">
    <Cell ss:StyleID="S22"><Data ss:Type="String">EVA MARIA BASTOS CERQUEIRA</Data>
    </Cell>
    <Cell ss:StyleID="S22"><Data ss:Type="String">Carteira 4</Data>
    </Cell>
   </Row>
   <Row ss:Index="123">
    <Cell ss:StyleID="S22"><Data ss:Type="String">Evolue Consutoria Educacional Ltda. (PARCEIRO)</Data>
    </Cell>
    <Cell ss:StyleID="S22"><Data ss:Type="String">Carteira 4</Data>
    </Cell>
   </Row>
   <Row ss:Index="124">
    <Cell ss:StyleID="S22"><Data ss:Type="String">FABIO BATISTA DA SILVA</Data>
    </Cell>
    <Cell ss:StyleID="S22"><Data ss:Type="String">Carteira 4</Data>
    </Cell>
   </Row>
   <Row ss:Index="125">
    <Cell ss:StyleID="S22"><Data ss:Type="String">FABIO RODRIGUES DIAS</Data>
    </Cell>
    <Cell ss:StyleID="S22"><Data ss:Type="String">Carteira 4</Data>
    </Cell>
   </Row>
   <Row ss:Index="126">
    <Cell ss:StyleID="S22"><Data ss:Type="String">Facprisma Faculdade de Ensino Superior Ltda</Data>
    </Cell>
    <Cell ss:StyleID="S22"><Data ss:Type="String">Carteira 4</Data>
    </Cell>
   </Row>
   <Row ss:Index="127">
    <Cell ss:StyleID="S22"><Data ss:Type="String">FERNANDA CARLA SILVA BOHRER LOBOSCO (PARCEIRO)</Data>
    </Cell>
    <Cell ss:StyleID="S22"><Data ss:Type="String">Carteira 4</Data>
    </Cell>
   </Row>
   <Row ss:Index="128">
    <Cell ss:StyleID="S22"><Data ss:Type="String">Francisca Vamária Pinheiro (PARCEIRO)</Data>
    </Cell>
    <Cell ss:StyleID="S22"><Data ss:Type="String">Carteira 4</Data>
    </Cell>
   </Row>
   <Row ss:Index="129">
    <Cell ss:StyleID="S22"><Data ss:Type="String">Francisco das Chagas Lima Dos Santos Júnior</Data>
    </Cell>
    <Cell ss:StyleID="S22"><Data ss:Type="String">Carteira 4</Data>
    </Cell>
   </Row>
   <Row ss:Index="130">
    <Cell ss:StyleID="S22"><Data ss:Type="String">FRANCISCO WILAME PEREIRA DE LIMA</Data>
    </Cell>
    <Cell ss:StyleID="S22"><Data ss:Type="String">Carteira 4</Data>
    </Cell>
   </Row>
   <Row ss:Index="131">
    <Cell ss:StyleID="S22"><Data ss:Type="String">Francisdalva Malafaia Silva (PARCEIRO)</Data>
    </Cell>
    <Cell ss:StyleID="S22"><Data ss:Type="String">Carteira 4</Data>
    </Cell>
   </Row>
   <Row ss:Index="132">
    <Cell ss:StyleID="S22"><Data ss:Type="String">FRANCISROBERT PEREIRA TEIXEIRA</Data>
    </Cell>
    <Cell ss:StyleID="S22"><Data ss:Type="String">Carteira 4</Data>
    </Cell>
   </Row>
   <Row ss:Index="133">
    <Cell ss:StyleID="S22"><Data ss:Type="String">GILDAZIO MOREIRA SANTOS</Data>
    </Cell>
    <Cell ss:StyleID="S22"><Data ss:Type="String">Carteira 4</Data>
    </Cell>
   </Row>
   <Row ss:Index="134">
    <Cell ss:StyleID="S22"><Data ss:Type="String">GISELE ROSSI LEONEL (PARCEIRO)</Data>
    </Cell>
    <Cell ss:StyleID="S22"><Data ss:Type="String">Carteira 4</Data>
    </Cell>
   </Row>
   <Row ss:Index="135">
    <Cell ss:StyleID="S22"><Data ss:Type="String">GUILHERME AUGUSTO DIAS BALDO</Data>
    </Cell>
    <Cell ss:StyleID="S22"><Data ss:Type="String">Carteira 4</Data>
    </Cell>
   </Row>
   <Row ss:Index="136">
    <Cell ss:StyleID="S22"><Data ss:Type="String">Gustavo Silva de Paiva Pereira</Data>
    </Cell>
    <Cell ss:StyleID="S22"><Data ss:Type="String">Carteira 4</Data>
    </Cell>
   </Row>
   <Row ss:Index="137">
    <Cell ss:StyleID="S22"><Data ss:Type="String">GUSTAVO SOARES SANTOS (PARCEIRO)</Data>
    </Cell>
    <Cell ss:StyleID="S22"><Data ss:Type="String">Carteira 4</Data>
    </Cell>
   </Row>
   <Row ss:Index="138">
    <Cell ss:StyleID="S22"><Data ss:Type="String">HELENA MARA MACHADO/ MARCIEL PEREIRA FELIX</Data>
    </Cell>
    <Cell ss:StyleID="S22"><Data ss:Type="String">Carteira 4</Data>
    </Cell>
   </Row>
   <Row ss:Index="139">
    <Cell ss:StyleID="S22"><Data ss:Type="String">Integral Representações Ltda (POLO)</Data>
    </Cell>
    <Cell ss:StyleID="S22"><Data ss:Type="String">Carteira 4</Data>
    </Cell>
   </Row>
   <Row ss:Index="140">
    <Cell ss:StyleID="S22"><Data ss:Type="String">ISRAEL BEZERRA PEREIRA</Data>
    </Cell>
    <Cell ss:StyleID="S22"><Data ss:Type="String">Carteira 4</Data>
    </Cell>
   </Row>
   <Row ss:Index="141">
    <Cell ss:StyleID="S22"><Data ss:Type="String">Janice Queiroz de Almeida</Data>
    </Cell>
    <Cell ss:StyleID="S22"><Data ss:Type="String">Carteira 4</Data>
    </Cell>
   </Row>
   <Row ss:Index="142">
    <Cell ss:StyleID="S22"><Data ss:Type="String">Jefferson Vitoriano Sena</Data>
    </Cell>
    <Cell ss:StyleID="S22"><Data ss:Type="String">Carteira 4</Data>
    </Cell>
   </Row>
   <Row ss:Index="143">
    <Cell ss:StyleID="S22"><Data ss:Type="String">Jeova dos Santos</Data>
    </Cell>
    <Cell ss:StyleID="S22"><Data ss:Type="String">Carteira 4</Data>
    </Cell>
   </Row>
   <Row ss:Index="144">
    <Cell ss:StyleID="S22"><Data ss:Type="String">JOAO PAULO DE TARSO MEMORIA</Data>
    </Cell>
    <Cell ss:StyleID="S22"><Data ss:Type="String">Carteira 4</Data>
    </Cell>
   </Row>
   <Row ss:Index="145">
    <Cell ss:StyleID="S22"><Data ss:Type="String">JOÃO PEDRO GOMES DE MELO</Data>
    </Cell>
    <Cell ss:StyleID="S22"><Data ss:Type="String">Carteira 4</Data>
    </Cell>
   </Row>
   <Row ss:Index="146">
    <Cell ss:StyleID="S22"><Data ss:Type="String">JOSE EDUARDO DA SILVA (PARCEIRO)</Data>
    </Cell>
    <Cell ss:StyleID="S22"><Data ss:Type="String">Carteira 4</Data>
    </Cell>
   </Row>
   <Row ss:Index="147">
    <Cell ss:StyleID="S22"><Data ss:Type="String">Josiane Novais Vidal Costa</Data>
    </Cell>
    <Cell ss:StyleID="S22"><Data ss:Type="String">Carteira 4</Data>
    </Cell>
   </Row>
   <Row ss:Index="148">
    <Cell ss:StyleID="S22"><Data ss:Type="String">Judite Vieira macedo</Data>
    </Cell>
    <Cell ss:StyleID="S22"><Data ss:Type="String">Carteira 4</Data>
    </Cell>
   </Row>
   <Row ss:Index="149">
    <Cell ss:StyleID="S22"><Data ss:Type="String">Julio Cesar Santos Pereira</Data>
    </Cell>
    <Cell ss:StyleID="S22"><Data ss:Type="String">Carteira 4</Data>
    </Cell>
   </Row>
   <Row ss:Index="150">
    <Cell ss:StyleID="S22"><Data ss:Type="String">KELLY CRISTINA SOUZA GONCALVES SANTOS</Data>
    </Cell>
    <Cell ss:StyleID="S22"><Data ss:Type="String">Carteira 4</Data>
    </Cell>
   </Row>
   <Row ss:Index="151">
    <Cell ss:StyleID="S22"><Data ss:Type="String">KELLY CRISTINA SOUZA GONÇALVES SANTOS</Data>
    </Cell>
    <Cell ss:StyleID="S22"><Data ss:Type="String">Carteira 4</Data>
    </Cell>
   </Row>
   <Row ss:Index="152">
    <Cell ss:StyleID="S22"><Data ss:Type="String">LETICIA BEZERRA LIMA</Data>
    </Cell>
    <Cell ss:StyleID="S22"><Data ss:Type="String">Carteira 4</Data>
    </Cell>
   </Row>
   <Row ss:Index="153">
    <Cell ss:StyleID="S22"><Data ss:Type="String">Lilian Freitas Alves Martins</Data>
    </Cell>
    <Cell ss:StyleID="S22"><Data ss:Type="String">Carteira 4</Data>
    </Cell>
   </Row>
   <Row ss:Index="154">
    <Cell ss:StyleID="S22"><Data ss:Type="String">Lindyberg Ferreira Reinaldo</Data>
    </Cell>
    <Cell ss:StyleID="S22"><Data ss:Type="String">Carteira 4</Data>
    </Cell>
   </Row>
   <Row ss:Index="155">
    <Cell ss:StyleID="S22"><Data ss:Type="String">Linicassia Mesquita da Costa</Data>
    </Cell>
    <Cell ss:StyleID="S22"><Data ss:Type="String">Carteira 4</Data>
    </Cell>
   </Row>
   <Row ss:Index="156">
    <Cell ss:StyleID="S22"><Data ss:Type="String">Luciane Cristina Araújo</Data>
    </Cell>
    <Cell ss:StyleID="S22"><Data ss:Type="String">Carteira 4</Data>
    </Cell>
   </Row>
   <Row ss:Index="157">
    <Cell ss:StyleID="S22"><Data ss:Type="String">MARCIA CARVALHO FERREIRA</Data>
    </Cell>
    <Cell ss:StyleID="S22"><Data ss:Type="String">Carteira 4</Data>
    </Cell>
   </Row>
   <Row ss:Index="158">
    <Cell ss:StyleID="S22"><Data ss:Type="String">MARCOS ANTONIO DE PAULA</Data>
    </Cell>
    <Cell ss:StyleID="S22"><Data ss:Type="String">Carteira 4</Data>
    </Cell>
   </Row>
   <Row ss:Index="159">
    <Cell ss:StyleID="S22"><Data ss:Type="String">MARCOS JOSÉ PEREIRA BARROS (PARCEIRO)</Data>
    </Cell>
    <Cell ss:StyleID="S22"><Data ss:Type="String">Carteira 4</Data>
    </Cell>
   </Row>
   <Row ss:Index="160">
    <Cell ss:StyleID="S22"><Data ss:Type="String">MARIA BATISTA ASSUNCAO SOUZA</Data>
    </Cell>
    <Cell ss:StyleID="S22"><Data ss:Type="String">Carteira 4</Data>
    </Cell>
   </Row>
   <Row ss:Index="161">
    <Cell ss:StyleID="S22"><Data ss:Type="String">MARIA GORETE FRONTINO</Data>
    </Cell>
    <Cell ss:StyleID="S22"><Data ss:Type="String">Carteira 4</Data>
    </Cell>
   </Row>
   <Row ss:Index="162">
    <Cell ss:StyleID="S22"><Data ss:Type="String">MARIA PAMELA BASTOS FERREIRA</Data>
    </Cell>
    <Cell ss:StyleID="S22"><Data ss:Type="String">Carteira 4</Data>
    </Cell>
   </Row>
   <Row ss:Index="163">
    <Cell ss:StyleID="S22"><Data ss:Type="String">Mateus Cerqueira Anício Morais</Data>
    </Cell>
    <Cell ss:StyleID="S22"><Data ss:Type="String">Carteira 4</Data>
    </Cell>
   </Row>
   <Row ss:Index="164">
    <Cell ss:StyleID="S22"><Data ss:Type="String">NATALIA DE SOUSA LOPES DE ALMEIDA</Data>
    </Cell>
    <Cell ss:StyleID="S22"><Data ss:Type="String">Carteira 4</Data>
    </Cell>
   </Row>
   <Row ss:Index="165">
    <Cell ss:StyleID="S22"><Data ss:Type="String">PABLO HENRIQUE SOARES DE SA RIBANA (PARCEIRO)</Data>
    </Cell>
    <Cell ss:StyleID="S22"><Data ss:Type="String">Carteira 4</Data>
    </Cell>
   </Row>
   <Row ss:Index="166">
    <Cell ss:StyleID="S22"><Data ss:Type="String">PATRICIA CARDOSO DE MENEZES (PARCEIRO)</Data>
    </Cell>
    <Cell ss:StyleID="S22"><Data ss:Type="String">Carteira 4</Data>
    </Cell>
   </Row>
   <Row ss:Index="167">
    <Cell ss:StyleID="S22"><Data ss:Type="String">PATRICIA SALDANHA VASCONCELOS</Data>
    </Cell>
    <Cell ss:StyleID="S22"><Data ss:Type="String">Carteira 4</Data>
    </Cell>
   </Row>
   <Row ss:Index="168">
    <Cell ss:StyleID="S22"><Data ss:Type="String">PAULA DE ESPINDOLA MARTINS ALBINO (PARCEIRO)</Data>
    </Cell>
    <Cell ss:StyleID="S22"><Data ss:Type="String">Carteira 4</Data>
    </Cell>
   </Row>
   <Row ss:Index="169">
    <Cell ss:StyleID="S22"><Data ss:Type="String">Pedro Lucas Silva Fraga (PARCEIRO)</Data>
    </Cell>
    <Cell ss:StyleID="S22"><Data ss:Type="String">Carteira 4</Data>
    </Cell>
   </Row>
   <Row ss:Index="170">
    <Cell ss:StyleID="S22"><Data ss:Type="String">PERFORMAR CONSULTORIA DE INOVACAO E ESTRATEGIA LTDA</Data>
    </Cell>
    <Cell ss:StyleID="S22"><Data ss:Type="String">Carteira 4</Data>
    </Cell>
   </Row>
   <Row ss:Index="171">
    <Cell ss:StyleID="S22"><Data ss:Type="String">RAFAEL RODRIGUES DUQUE (PARCEIRO)</Data>
    </Cell>
    <Cell ss:StyleID="S22"><Data ss:Type="String">Carteira 4</Data>
    </Cell>
   </Row>
   <Row ss:Index="172">
    <Cell ss:StyleID="S22"><Data ss:Type="String">RAFAELA APARECIDA RIBEIRO (PARCEIRO)</Data>
    </Cell>
    <Cell ss:StyleID="S22"><Data ss:Type="String">Carteira 4</Data>
    </Cell>
   </Row>
   <Row ss:Index="173">
    <Cell ss:StyleID="S22"><Data ss:Type="String">RAIMUNDO DE CASTRO SOARES</Data>
    </Cell>
    <Cell ss:StyleID="S22"><Data ss:Type="String">Carteira 4</Data>
    </Cell>
   </Row>
   <Row ss:Index="174">
    <Cell ss:StyleID="S22"><Data ss:Type="String">Raphael Ferreira de Souza</Data>
    </Cell>
    <Cell ss:StyleID="S22"><Data ss:Type="String">Carteira 4</Data>
    </Cell>
   </Row>
   <Row ss:Index="175">
    <Cell ss:StyleID="S22"><Data ss:Type="String">RENATA TOSTA DA SILVA</Data>
    </Cell>
    <Cell ss:StyleID="S22"><Data ss:Type="String">Carteira 4</Data>
    </Cell>
   </Row>
   <Row ss:Index="176">
    <Cell ss:StyleID="S22"><Data ss:Type="String">RICARDO FURTADO DE OLIVEIRA</Data>
    </Cell>
    <Cell ss:StyleID="S22"><Data ss:Type="String">Carteira 4</Data>
    </Cell>
   </Row>
   <Row ss:Index="177">
    <Cell ss:StyleID="S22"><Data ss:Type="String">Rosanne Cavalcante Rodrigues de Souza</Data>
    </Cell>
    <Cell ss:StyleID="S22"><Data ss:Type="String">Carteira 4</Data>
    </Cell>
   </Row>
   <Row ss:Index="178">
    <Cell ss:StyleID="S22"><Data ss:Type="String">RUBIVALDO RAMOS DOS SANTOS</Data>
    </Cell>
    <Cell ss:StyleID="S22"><Data ss:Type="String">Carteira 4</Data>
    </Cell>
   </Row>
   <Row ss:Index="179">
    <Cell ss:StyleID="S22"><Data ss:Type="String">Sergio Ricardo Souza Pacheco</Data>
    </Cell>
    <Cell ss:StyleID="S22"><Data ss:Type="String">Carteira 4</Data>
    </Cell>
   </Row>
   <Row ss:Index="180">
    <Cell ss:StyleID="S22"><Data ss:Type="String">Sionara Felix Trigueiro</Data>
    </Cell>
    <Cell ss:StyleID="S22"><Data ss:Type="String">Carteira 4</Data>
    </Cell>
   </Row>
   <Row ss:Index="181">
    <Cell ss:StyleID="S22"><Data ss:Type="String">TERESA RAQUEL PIRES SOARES</Data>
    </Cell>
    <Cell ss:StyleID="S22"><Data ss:Type="String">Carteira 4</Data>
    </Cell>
   </Row>
   <Row ss:Index="182">
    <Cell ss:StyleID="S22"><Data ss:Type="String">Thays Landazuri de Aguiar</Data>
    </Cell>
    <Cell ss:StyleID="S22"><Data ss:Type="String">Carteira 4</Data>
    </Cell>
   </Row>
   <Row ss:Index="183">
    <Cell ss:StyleID="S22"><Data ss:Type="String">Thiago Britto França</Data>
    </Cell>
    <Cell ss:StyleID="S22"><Data ss:Type="String">Carteira 4</Data>
    </Cell>
   </Row>
   <Row ss:Index="184">
    <Cell ss:StyleID="S22"><Data ss:Type="String">V2R DIGITAL LTDA</Data>
    </Cell>
    <Cell ss:StyleID="S22"><Data ss:Type="String">Carteira 4</Data>
    </Cell>
   </Row>
   <Row ss:Index="185">
    <Cell ss:StyleID="S22"><Data ss:Type="String">VALDIR DA CUNHA</Data>
    </Cell>
    <Cell ss:StyleID="S22"><Data ss:Type="String">Carteira 4</Data>
    </Cell>
   </Row>
   <Row ss:Index="186">
    <Cell ss:StyleID="S22"><Data ss:Type="String">Walef Kesse Coelho de Almeida</Data>
    </Cell>
    <Cell ss:StyleID="S22"><Data ss:Type="String">Carteira 4</Data>
    </Cell>
   </Row>
   <Row ss:Index="187">
    <Cell ss:StyleID="S22"><Data ss:Type="String">WANESSA MARIA CARVALHO COSTA</Data>
    </Cell>
    <Cell ss:StyleID="S22"><Data ss:Type="String">Carteira 4</Data>
    </Cell>
   </Row>
   <Row ss:Index="188">
    <Cell ss:StyleID="S22"><Data ss:Type="String">WILDSON FERREIRA COELHO</Data>
    </Cell>
    <Cell ss:StyleID="S22"><Data ss:Type="String">Carteira 4</Data>
    </Cell>
   </Row>
   <Row ss:Index="189">
    <Cell ss:StyleID="S22"><Data ss:Type="String">ADELINE APARECIDA DO NASCIMENTO SILVA</Data>
    </Cell>
    <Cell ss:StyleID="S22"><Data ss:Type="String">Carteira 5</Data>
    </Cell>
   </Row>
   <Row ss:Index="190">
    <Cell ss:StyleID="S22"><Data ss:Type="String">ADLINE DA SILVA REBIS</Data>
    </Cell>
    <Cell ss:StyleID="S22"><Data ss:Type="String">Carteira 5</Data>
    </Cell>
   </Row>
   <Row ss:Index="191">
    <Cell ss:StyleID="S22"><Data ss:Type="String">Adriano Rodrigues Sena</Data>
    </Cell>
    <Cell ss:StyleID="S22"><Data ss:Type="String">Carteira 5</Data>
    </Cell>
   </Row>
   <Row ss:Index="192">
    <Cell ss:StyleID="S22"><Data ss:Type="String">Alcimério Silvestre (Estúdio Lapa Produções Ltda )</Data>
    </Cell>
    <Cell ss:StyleID="S22"><Data ss:Type="String">Carteira 5</Data>
    </Cell>
   </Row>
   <Row ss:Index="193">
    <Cell ss:StyleID="S22"><Data ss:Type="String">ALEFE DE OLIVEIRA BATISTA</Data>
    </Cell>
    <Cell ss:StyleID="S22"><Data ss:Type="String">Carteira 5</Data>
    </Cell>
   </Row>
   <Row ss:Index="194">
    <Cell ss:StyleID="S22"><Data ss:Type="String">ALESSANDRA FERNANDES NOGUEIRA PAULO</Data>
    </Cell>
    <Cell ss:StyleID="S22"><Data ss:Type="String">Carteira 5</Data>
    </Cell>
   </Row>
   <Row ss:Index="195">
    <Cell ss:StyleID="S22"><Data ss:Type="String">Alessandra Teixeira de Sá</Data>
    </Cell>
    <Cell ss:StyleID="S22"><Data ss:Type="String">Carteira 5</Data>
    </Cell>
   </Row>
   <Row ss:Index="196">
    <Cell ss:StyleID="S22"><Data ss:Type="String">ALINE DARC SILVEIRA DOS SANTOS TEOFILO</Data>
    </Cell>
    <Cell ss:StyleID="S22"><Data ss:Type="String">Carteira 5</Data>
    </Cell>
   </Row>
   <Row ss:Index="197">
    <Cell ss:StyleID="S22"><Data ss:Type="String">Aline Roberta Lima Nishimura Aiko</Data>
    </Cell>
    <Cell ss:StyleID="S22"><Data ss:Type="String">Carteira 5</Data>
    </Cell>
   </Row>
   <Row ss:Index="198">
    <Cell ss:StyleID="S22"><Data ss:Type="String">Allef Henrique de Oliveira</Data>
    </Cell>
    <Cell ss:StyleID="S22"><Data ss:Type="String">Carteira 5</Data>
    </Cell>
   </Row>
   <Row ss:Index="199">
    <Cell ss:StyleID="S22"><Data ss:Type="String">ANA PAULA DE MELO MEDEIROS</Data>
    </Cell>
    <Cell ss:StyleID="S22"><Data ss:Type="String">Carteira 5</Data>
    </Cell>
   </Row>
   <Row ss:Index="200">
    <Cell ss:StyleID="S22"><Data ss:Type="String">Ana Paula de Melo Medeiros</Data>
    </Cell>
    <Cell ss:StyleID="S22"><Data ss:Type="String">Carteira 5</Data>
    </Cell>
   </Row>
   <Row ss:Index="201">
    <Cell ss:StyleID="S22"><Data ss:Type="String">Ana Paula dos Santos</Data>
    </Cell>
    <Cell ss:StyleID="S22"><Data ss:Type="String">Carteira 5</Data>
    </Cell>
   </Row>
   <Row ss:Index="202">
    <Cell ss:StyleID="S22"><Data ss:Type="String">ANDER CLEISON DA SILVA</Data>
    </Cell>
    <Cell ss:StyleID="S22"><Data ss:Type="String">Carteira 5</Data>
    </Cell>
   </Row>
   <Row ss:Index="203">
    <Cell ss:StyleID="S22"><Data ss:Type="String">André Halley Maciel Ferreira</Data>
    </Cell>
    <Cell ss:StyleID="S22"><Data ss:Type="String">Carteira 5</Data>
    </Cell>
   </Row>
   <Row ss:Index="204">
    <Cell ss:StyleID="S22"><Data ss:Type="String">André Lanna de Lima e Silva</Data>
    </Cell>
    <Cell ss:StyleID="S22"><Data ss:Type="String">Carteira 5</Data>
    </Cell>
   </Row>
   <Row ss:Index="205">
    <Cell ss:StyleID="S22"><Data ss:Type="String">ANDRESA FERNANDA DE SOUZA SILVA</Data>
    </Cell>
    <Cell ss:StyleID="S22"><Data ss:Type="String">Carteira 5</Data>
    </Cell>
   </Row>
   <Row ss:Index="206">
    <Cell ss:StyleID="S22"><Data ss:Type="String">Antonio Geraldo Esteves</Data>
    </Cell>
    <Cell ss:StyleID="S22"><Data ss:Type="String">Carteira 5</Data>
    </Cell>
   </Row>
   <Row ss:Index="207">
    <Cell ss:StyleID="S22"><Data ss:Type="String">ANTONIO RICARDO SATURNINO DA SILVA</Data>
    </Cell>
    <Cell ss:StyleID="S22"><Data ss:Type="String">Carteira 5</Data>
    </Cell>
   </Row>
   <Row ss:Index="208">
    <Cell ss:StyleID="S22"><Data ss:Type="String">Antonio Ricardo Saturnino da Silva</Data>
    </Cell>
    <Cell ss:StyleID="S22"><Data ss:Type="String">Carteira 5</Data>
    </Cell>
   </Row>
   <Row ss:Index="209">
    <Cell ss:StyleID="S22"><Data ss:Type="String">Arthur Vieira Rocha</Data>
    </Cell>
    <Cell ss:StyleID="S22"><Data ss:Type="String">Carteira 5</Data>
    </Cell>
   </Row>
   <Row ss:Index="210">
    <Cell ss:StyleID="S22"><Data ss:Type="String">BENEDITO JOSÉ DA SILVA</Data>
    </Cell>
    <Cell ss:StyleID="S22"><Data ss:Type="String">Carteira 5</Data>
    </Cell>
   </Row>
   <Row ss:Index="211">
    <Cell ss:StyleID="S22"><Data ss:Type="String">Camaleon Educação e Marketing LTDA (Douglas Crivelli Rodrigues)</Data>
    </Cell>
    <Cell ss:StyleID="S22"><Data ss:Type="String">Carteira 5</Data>
    </Cell>
   </Row>
   <Row ss:Index="212">
    <Cell ss:StyleID="S22"><Data ss:Type="String">CARLA ANASTACIO DA SILVA (PARCEIRO)</Data>
    </Cell>
    <Cell ss:StyleID="S22"><Data ss:Type="String">Carteira 5</Data>
    </Cell>
   </Row>
   <Row ss:Index="213">
    <Cell ss:StyleID="S22"><Data ss:Type="String">Claudia cristina da silva</Data>
    </Cell>
    <Cell ss:StyleID="S22"><Data ss:Type="String">Carteira 5</Data>
    </Cell>
   </Row>
   <Row ss:Index="214">
    <Cell ss:StyleID="S22"><Data ss:Type="String">Cláudia Cristina da Silva</Data>
    </Cell>
    <Cell ss:StyleID="S22"><Data ss:Type="String">Carteira 5</Data>
    </Cell>
   </Row>
   <Row ss:Index="215">
    <Cell ss:StyleID="S22"><Data ss:Type="String">Cláudio Joaquim dos Santos Braga</Data>
    </Cell>
    <Cell ss:StyleID="S22"><Data ss:Type="String">Carteira 5</Data>
    </Cell>
   </Row>
   <Row ss:Index="216">
    <Cell ss:StyleID="S22"><Data ss:Type="String">Cleiton Santos Guedes</Data>
    </Cell>
    <Cell ss:StyleID="S22"><Data ss:Type="String">Carteira 5</Data>
    </Cell>
   </Row>
   <Row ss:Index="217">
    <Cell ss:StyleID="S22"><Data ss:Type="String">Cristina Pavani Couto</Data>
    </Cell>
    <Cell ss:StyleID="S22"><Data ss:Type="String">Carteira 5</Data>
    </Cell>
   </Row>
   <Row ss:Index="218">
    <Cell ss:StyleID="S22"><Data ss:Type="String">Daciana Ferreira Pimentel</Data>
    </Cell>
    <Cell ss:StyleID="S22"><Data ss:Type="String">Carteira 5</Data>
    </Cell>
   </Row>
   <Row ss:Index="219">
    <Cell ss:StyleID="S22"><Data ss:Type="String">Daniel Cairo de Sousa Costa</Data>
    </Cell>
    <Cell ss:StyleID="S22"><Data ss:Type="String">Carteira 5</Data>
    </Cell>
   </Row>
   <Row ss:Index="220">
    <Cell ss:StyleID="S22"><Data ss:Type="String">DANIELA CRISTINA OLIVEIRA ANASTACIO</Data>
    </Cell>
    <Cell ss:StyleID="S22"><Data ss:Type="String">Carteira 5</Data>
    </Cell>
   </Row>
   <Row ss:Index="221">
    <Cell ss:StyleID="S22"><Data ss:Type="String">DANUSA RODRIGUES ALCADES</Data>
    </Cell>
    <Cell ss:StyleID="S22"><Data ss:Type="String">Carteira 5</Data>
    </Cell>
   </Row>
   <Row ss:Index="222">
    <Cell ss:StyleID="S22"><Data ss:Type="String">DARCILEI MACIEL SIMIONATTO (PARCEIRO)</Data>
    </Cell>
    <Cell ss:StyleID="S22"><Data ss:Type="String">Carteira 5</Data>
    </Cell>
   </Row>
   <Row ss:Index="223">
    <Cell ss:StyleID="S22"><Data ss:Type="String">Dioney da Silva Lopes</Data>
    </Cell>
    <Cell ss:StyleID="S22"><Data ss:Type="String">Carteira 5</Data>
    </Cell>
   </Row>
   <Row ss:Index="224">
    <Cell ss:StyleID="S22"><Data ss:Type="String">DIRCE APARECIDA FERREIRA MARQUES</Data>
    </Cell>
    <Cell ss:StyleID="S22"><Data ss:Type="String">Carteira 5</Data>
    </Cell>
   </Row>
   <Row ss:Index="225">
    <Cell ss:StyleID="S22"><Data ss:Type="String">DIVINA ROSA PEREIRA DIAS</Data>
    </Cell>
    <Cell ss:StyleID="S22"><Data ss:Type="String">Carteira 5</Data>
    </Cell>
   </Row>
   <Row ss:Index="226">
    <Cell ss:StyleID="S22"><Data ss:Type="String">Douglas Henrique de Oliveira Batista</Data>
    </Cell>
    <Cell ss:StyleID="S22"><Data ss:Type="String">Carteira 5</Data>
    </Cell>
   </Row>
   <Row ss:Index="227">
    <Cell ss:StyleID="S22"><Data ss:Type="String">Ederbal Forest - Doutor Forest Organization</Data>
    </Cell>
    <Cell ss:StyleID="S22"><Data ss:Type="String">Carteira 5</Data>
    </Cell>
   </Row>
   <Row ss:Index="228">
    <Cell ss:StyleID="S22"><Data ss:Type="String">EDERCI FRANCISCO DOS SANTOS</Data>
    </Cell>
    <Cell ss:StyleID="S22"><Data ss:Type="String">Carteira 5</Data>
    </Cell>
   </Row>
   <Row ss:Index="229">
    <Cell ss:StyleID="S22"><Data ss:Type="String">ELAINE DE MENDONÇA POLICARPO MARINS</Data>
    </Cell>
    <Cell ss:StyleID="S22"><Data ss:Type="String">Carteira 5</Data>
    </Cell>
   </Row>
   <Row ss:Index="230">
    <Cell ss:StyleID="S22"><Data ss:Type="String">Elaine de Oliveira Fontes</Data>
    </Cell>
    <Cell ss:StyleID="S22"><Data ss:Type="String">Carteira 5</Data>
    </Cell>
   </Row>
   <Row ss:Index="231">
    <Cell ss:StyleID="S22"><Data ss:Type="String">ELEN SOUZA SANTANA</Data>
    </Cell>
    <Cell ss:StyleID="S22"><Data ss:Type="String">Carteira 5</Data>
    </Cell>
   </Row>
   <Row ss:Index="232">
    <Cell ss:StyleID="S22"><Data ss:Type="String">Eliane Silvino da Silva</Data>
    </Cell>
    <Cell ss:StyleID="S22"><Data ss:Type="String">Carteira 5</Data>
    </Cell>
   </Row>
   <Row ss:Index="233">
    <Cell ss:StyleID="S22"><Data ss:Type="String">Eliziomar Linhares Pontes</Data>
    </Cell>
    <Cell ss:StyleID="S22"><Data ss:Type="String">Carteira 5</Data>
    </Cell>
   </Row>
   <Row ss:Index="234">
    <Cell ss:StyleID="S22"><Data ss:Type="String">EMANUELLE BRAZ MONTEIRO</Data>
    </Cell>
    <Cell ss:StyleID="S22"><Data ss:Type="String">Carteira 5</Data>
    </Cell>
   </Row>
   <Row ss:Index="235">
    <Cell ss:StyleID="S22"><Data ss:Type="String">Erivaldo de Lima Silva</Data>
    </Cell>
    <Cell ss:StyleID="S22"><Data ss:Type="String">Carteira 5</Data>
    </Cell>
   </Row>
   <Row ss:Index="236">
    <Cell ss:StyleID="S22"><Data ss:Type="String">Erivaldo de Lima Silva</Data>
    </Cell>
    <Cell ss:StyleID="S22"><Data ss:Type="String">Carteira 5</Data>
    </Cell>
   </Row>
   <Row ss:Index="237">
    <Cell ss:StyleID="S22"><Data ss:Type="String">ERIVELTON MIRANDA LOPES</Data>
    </Cell>
    <Cell ss:StyleID="S22"><Data ss:Type="String">Carteira 5</Data>
    </Cell>
   </Row>
   <Row ss:Index="238">
    <Cell ss:StyleID="S22"><Data ss:Type="String">Everton Fernando Ferreira Meira</Data>
    </Cell>
    <Cell ss:StyleID="S22"><Data ss:Type="String">Carteira 5</Data>
    </Cell>
   </Row>
   <Row ss:Index="239">
    <Cell ss:StyleID="S22"><Data ss:Type="String">FERNANDA MACEDO BARBOSA</Data>
    </Cell>
    <Cell ss:StyleID="S22"><Data ss:Type="String">Carteira 5</Data>
    </Cell>
   </Row>
   <Row ss:Index="240">
    <Cell ss:StyleID="S22"><Data ss:Type="String">Francisco Everardo Ferreira Lima (PARCEIRO)</Data>
    </Cell>
    <Cell ss:StyleID="S22"><Data ss:Type="String">Carteira 5</Data>
    </Cell>
   </Row>
   <Row ss:Index="241">
    <Cell ss:StyleID="S22"><Data ss:Type="String">FRANCISCO HEDLER BARRETO DE LIMA MORAIS</Data>
    </Cell>
    <Cell ss:StyleID="S22"><Data ss:Type="String">Carteira 5</Data>
    </Cell>
   </Row>
   <Row ss:Index="242">
    <Cell ss:StyleID="S22"><Data ss:Type="String">Francisco Rômulo Oliveira Magalhães</Data>
    </Cell>
    <Cell ss:StyleID="S22"><Data ss:Type="String">Carteira 5</Data>
    </Cell>
   </Row>
   <Row ss:Index="243">
    <Cell ss:StyleID="S22"><Data ss:Type="String">Geverson Façanha da Silva</Data>
    </Cell>
    <Cell ss:StyleID="S22"><Data ss:Type="String">Carteira 5</Data>
    </Cell>
   </Row>
   <Row ss:Index="244">
    <Cell ss:StyleID="S22"><Data ss:Type="String">Gilmar de Sousa Dias (PARCEIRO)</Data>
    </Cell>
    <Cell ss:StyleID="S22"><Data ss:Type="String">Carteira 5</Data>
    </Cell>
   </Row>
   <Row ss:Index="245">
    <Cell ss:StyleID="S22"><Data ss:Type="String">Gleidison Rosado de Oliveira</Data>
    </Cell>
    <Cell ss:StyleID="S22"><Data ss:Type="String">Carteira 5</Data>
    </Cell>
   </Row>
   <Row ss:Index="246">
    <Cell ss:StyleID="S22"><Data ss:Type="String">HELEN TATIANA ZANDA RIBEIRO</Data>
    </Cell>
    <Cell ss:StyleID="S22"><Data ss:Type="String">Carteira 5</Data>
    </Cell>
   </Row>
   <Row ss:Index="247">
    <Cell ss:StyleID="S22"><Data ss:Type="String">IARA DE SOUSA</Data>
    </Cell>
    <Cell ss:StyleID="S22"><Data ss:Type="String">Carteira 5</Data>
    </Cell>
   </Row>
   <Row ss:Index="248">
    <Cell ss:StyleID="S22"><Data ss:Type="String">IARA DE SOUSA</Data>
    </Cell>
    <Cell ss:StyleID="S22"><Data ss:Type="String">Carteira 5</Data>
    </Cell>
   </Row>
   <Row ss:Index="249">
    <Cell ss:StyleID="S22"><Data ss:Type="String">Irani da Silva de Jesus</Data>
    </Cell>
    <Cell ss:StyleID="S22"><Data ss:Type="String">Carteira 5</Data>
    </Cell>
   </Row>
   <Row ss:Index="250">
    <Cell ss:StyleID="S22"><Data ss:Type="String">Irlan Lopes da Silva</Data>
    </Cell>
    <Cell ss:StyleID="S22"><Data ss:Type="String">Carteira 5</Data>
    </Cell>
   </Row>
   <Row ss:Index="251">
    <Cell ss:StyleID="S22"><Data ss:Type="String">Irlana Mendonça Lima</Data>
    </Cell>
    <Cell ss:StyleID="S22"><Data ss:Type="String">Carteira 5</Data>
    </Cell>
   </Row>
   <Row ss:Index="252">
    <Cell ss:StyleID="S22"><Data ss:Type="String">Izadora Ribeiro da Silva</Data>
    </Cell>
    <Cell ss:StyleID="S22"><Data ss:Type="String">Carteira 5</Data>
    </Cell>
   </Row>
   <Row ss:Index="253">
    <Cell ss:StyleID="S22"><Data ss:Type="String">IZAUL DE SOUZA TADEU</Data>
    </Cell>
    <Cell ss:StyleID="S22"><Data ss:Type="String">Carteira 5</Data>
    </Cell>
   </Row>
   <Row ss:Index="254">
    <Cell ss:StyleID="S22"><Data ss:Type="String">J C GALVAO GOULART DE OLIVEIRA - NEGOCIOS IMOBILIARIOS</Data>
    </Cell>
    <Cell ss:StyleID="S22"><Data ss:Type="String">Carteira 5</Data>
    </Cell>
   </Row>
   <Row ss:Index="255">
    <Cell ss:StyleID="S22"><Data ss:Type="String">Jailson da Silva Sacramento - whoisai education ltda</Data>
    </Cell>
    <Cell ss:StyleID="S22"><Data ss:Type="String">Carteira 5</Data>
    </Cell>
   </Row>
   <Row ss:Index="256">
    <Cell ss:StyleID="S22"><Data ss:Type="String">JAMILE MAMBREU ISSE AZEVEDO</Data>
    </Cell>
    <Cell ss:StyleID="S22"><Data ss:Type="String">Carteira 5</Data>
    </Cell>
   </Row>
   <Row ss:Index="257">
    <Cell ss:StyleID="S22"><Data ss:Type="String">Jean Jardim Jorge</Data>
    </Cell>
    <Cell ss:StyleID="S22"><Data ss:Type="String">Carteira 5</Data>
    </Cell>
   </Row>
   <Row ss:Index="258">
    <Cell ss:StyleID="S22"><Data ss:Type="String">Jeancarlas Barbosa de Figueredo</Data>
    </Cell>
    <Cell ss:StyleID="S22"><Data ss:Type="String">Carteira 5</Data>
    </Cell>
   </Row>
   <Row ss:Index="259">
    <Cell ss:StyleID="S22"><Data ss:Type="String">Jessyca Silva Mota da Silva</Data>
    </Cell>
    <Cell ss:StyleID="S22"><Data ss:Type="String">Carteira 5</Data>
    </Cell>
   </Row>
   <Row ss:Index="260">
    <Cell ss:StyleID="S22"><Data ss:Type="String">JHONATAN DA COSTA LEITE PIMENTA</Data>
    </Cell>
    <Cell ss:StyleID="S22"><Data ss:Type="String">Carteira 5</Data>
    </Cell>
   </Row>
   <Row ss:Index="261">
    <Cell ss:StyleID="S22"><Data ss:Type="String">João Carlos de Brito</Data>
    </Cell>
    <Cell ss:StyleID="S22"><Data ss:Type="String">Carteira 5</Data>
    </Cell>
   </Row>
   <Row ss:Index="262">
    <Cell ss:StyleID="S22"><Data ss:Type="String">JOÃO CARLOS DE BRITO</Data>
    </Cell>
    <Cell ss:StyleID="S22"><Data ss:Type="String">Carteira 5</Data>
    </Cell>
   </Row>
   <Row ss:Index="263">
    <Cell ss:StyleID="S22"><Data ss:Type="String">joão vitor dos santos da silva</Data>
    </Cell>
    <Cell ss:StyleID="S22"><Data ss:Type="String">Carteira 5</Data>
    </Cell>
   </Row>
   <Row ss:Index="264">
    <Cell ss:StyleID="S22"><Data ss:Type="String">Jonathan Albuquerque - Centro Educacional Albuquerque</Data>
    </Cell>
    <Cell ss:StyleID="S22"><Data ss:Type="String">Carteira 5</Data>
    </Cell>
   </Row>
   <Row ss:Index="265">
    <Cell ss:StyleID="S22"><Data ss:Type="String">Jorge Ferreira Figueiredo</Data>
    </Cell>
    <Cell ss:StyleID="S22"><Data ss:Type="String">Carteira 5</Data>
    </Cell>
   </Row>
   <Row ss:Index="266">
    <Cell ss:StyleID="S22"><Data ss:Type="String">JOSE ANTONIO MORAES DE OLIVEIRA</Data>
    </Cell>
    <Cell ss:StyleID="S22"><Data ss:Type="String">Carteira 5</Data>
    </Cell>
   </Row>
   <Row ss:Index="267">
    <Cell ss:StyleID="S22"><Data ss:Type="String">José Hilário Dias Nero</Data>
    </Cell>
    <Cell ss:StyleID="S22"><Data ss:Type="String">Carteira 5</Data>
    </Cell>
   </Row>
   <Row ss:Index="268">
    <Cell ss:StyleID="S22"><Data ss:Type="String">JOSE VANDERLEI RODRIGUES MOURA</Data>
    </Cell>
    <Cell ss:StyleID="S22"><Data ss:Type="String">Carteira 5</Data>
    </Cell>
   </Row>
   <Row ss:Index="269">
    <Cell ss:StyleID="S22"><Data ss:Type="String">JOSICLEIA GOMES NUNES</Data>
    </Cell>
    <Cell ss:StyleID="S22"><Data ss:Type="String">Carteira 5</Data>
    </Cell>
   </Row>
   <Row ss:Index="270">
    <Cell ss:StyleID="S22"><Data ss:Type="String">Jozian Miranda Chaves</Data>
    </Cell>
    <Cell ss:StyleID="S22"><Data ss:Type="String">Carteira 5</Data>
    </Cell>
   </Row>
   <Row ss:Index="271">
    <Cell ss:StyleID="S22"><Data ss:Type="String">Juliana Ferreira Rimes da Silva</Data>
    </Cell>
    <Cell ss:StyleID="S22"><Data ss:Type="String">Carteira 5</Data>
    </Cell>
   </Row>
   <Row ss:Index="272">
    <Cell ss:StyleID="S22"><Data ss:Type="String">Karen Dorneles Rodilha</Data>
    </Cell>
    <Cell ss:StyleID="S22"><Data ss:Type="String">Carteira 5</Data>
    </Cell>
   </Row>
   <Row ss:Index="273">
    <Cell ss:StyleID="S22"><Data ss:Type="String">Kelly Cristina Marinho Umbelino</Data>
    </Cell>
    <Cell ss:StyleID="S22"><Data ss:Type="String">Carteira 5</Data>
    </Cell>
   </Row>
   <Row ss:Index="274">
    <Cell ss:StyleID="S22"><Data ss:Type="String">Kelvin Kyoshi Kamimura</Data>
    </Cell>
    <Cell ss:StyleID="S22"><Data ss:Type="String">Carteira 5</Data>
    </Cell>
   </Row>
   <Row ss:Index="275">
    <Cell ss:StyleID="S22"><Data ss:Type="String">LARISSA AZEVEDO RESENDE</Data>
    </Cell>
    <Cell ss:StyleID="S22"><Data ss:Type="String">Carteira 5</Data>
    </Cell>
   </Row>
   <Row ss:Index="276">
    <Cell ss:StyleID="S22"><Data ss:Type="String">Larissa Dantas de Torquato Costa</Data>
    </Cell>
    <Cell ss:StyleID="S22"><Data ss:Type="String">Carteira 5</Data>
    </Cell>
   </Row>
   <Row ss:Index="277">
    <Cell ss:StyleID="S22"><Data ss:Type="String">LEANDRO BIANCHINI GARCIA</Data>
    </Cell>
    <Cell ss:StyleID="S22"><Data ss:Type="String">Carteira 5</Data>
    </Cell>
   </Row>
   <Row ss:Index="278">
    <Cell ss:StyleID="S22"><Data ss:Type="String">LELIO FAVACHO BRAGA</Data>
    </Cell>
    <Cell ss:StyleID="S22"><Data ss:Type="String">Carteira 5</Data>
    </Cell>
   </Row>
   <Row ss:Index="279">
    <Cell ss:StyleID="S22"><Data ss:Type="String">LEONARDO FLAUSINO ARAUJO SILVA</Data>
    </Cell>
    <Cell ss:StyleID="S22"><Data ss:Type="String">Carteira 5</Data>
    </Cell>
   </Row>
   <Row ss:Index="280">
    <Cell ss:StyleID="S22"><Data ss:Type="String">Leonardo Flausino Araujo Silva</Data>
    </Cell>
    <Cell ss:StyleID="S22"><Data ss:Type="String">Carteira 5</Data>
    </Cell>
   </Row>
   <Row ss:Index="281">
    <Cell ss:StyleID="S22"><Data ss:Type="String">LEYDE IZABEL FERNANDES LEMOS REIS</Data>
    </Cell>
    <Cell ss:StyleID="S22"><Data ss:Type="String">Carteira 5</Data>
    </Cell>
   </Row>
   <Row ss:Index="282">
    <Cell ss:StyleID="S22"><Data ss:Type="String">LILIAN DE ARAUJO SILVEIRA</Data>
    </Cell>
    <Cell ss:StyleID="S22"><Data ss:Type="String">Carteira 5</Data>
    </Cell>
   </Row>
   <Row ss:Index="283">
    <Cell ss:StyleID="S22"><Data ss:Type="String">LIMIAR VAREJO E SERVIÇOS LTDA</Data>
    </Cell>
    <Cell ss:StyleID="S22"><Data ss:Type="String">Carteira 5</Data>
    </Cell>
   </Row>
   <Row ss:Index="284">
    <Cell ss:StyleID="S22"><Data ss:Type="String">Lisiane Magalhães Fernandes Vicente</Data>
    </Cell>
    <Cell ss:StyleID="S22"><Data ss:Type="String">Carteira 5</Data>
    </Cell>
   </Row>
   <Row ss:Index="285">
    <Cell ss:StyleID="S22"><Data ss:Type="String">Lucas Gonçalves de Oliveira Alves (PARCEIRO)</Data>
    </Cell>
    <Cell ss:StyleID="S22"><Data ss:Type="String">Carteira 5</Data>
    </Cell>
   </Row>
   <Row ss:Index="286">
    <Cell ss:StyleID="S22"><Data ss:Type="String">Lucellia Luiza Peixoto de Paula</Data>
    </Cell>
    <Cell ss:StyleID="S22"><Data ss:Type="String">Carteira 5</Data>
    </Cell>
   </Row>
   <Row ss:Index="287">
    <Cell ss:StyleID="S22"><Data ss:Type="String">Luciana Aparecida Moreira</Data>
    </Cell>
    <Cell ss:StyleID="S22"><Data ss:Type="String">Carteira 5</Data>
    </Cell>
   </Row>
   <Row ss:Index="288">
    <Cell ss:StyleID="S22"><Data ss:Type="String">Luciane dos Santos Situba (PARCEIRO)</Data>
    </Cell>
    <Cell ss:StyleID="S22"><Data ss:Type="String">Carteira 5</Data>
    </Cell>
   </Row>
   <Row ss:Index="289">
    <Cell ss:StyleID="S22"><Data ss:Type="String">LUIS DE FRANÇA CAMBOIM NETO</Data>
    </Cell>
    <Cell ss:StyleID="S22"><Data ss:Type="String">Carteira 5</Data>
    </Cell>
   </Row>
   <Row ss:Index="290">
    <Cell ss:StyleID="S22"><Data ss:Type="String">LUIZ CARLOS SILVERIO DOS SANTOS</Data>
    </Cell>
    <Cell ss:StyleID="S22"><Data ss:Type="String">Carteira 5</Data>
    </Cell>
   </Row>
   <Row ss:Index="291">
    <Cell ss:StyleID="S22"><Data ss:Type="String">LUIZ VELOSO LEMOS JUNIOR</Data>
    </Cell>
    <Cell ss:StyleID="S22"><Data ss:Type="String">Carteira 5</Data>
    </Cell>
   </Row>
   <Row ss:Index="292">
    <Cell ss:StyleID="S22"><Data ss:Type="String">Magna Cristina Costa Silva Rodrigues</Data>
    </Cell>
    <Cell ss:StyleID="S22"><Data ss:Type="String">Carteira 5</Data>
    </Cell>
   </Row>
   <Row ss:Index="293">
    <Cell ss:StyleID="S22"><Data ss:Type="String">Manoel Messias Braga França - Jeferson</Data>
    </Cell>
    <Cell ss:StyleID="S22"><Data ss:Type="String">Carteira 5</Data>
    </Cell>
   </Row>
   <Row ss:Index="294">
    <Cell ss:StyleID="S22"><Data ss:Type="String">MANOEL NETO DE SOUSA</Data>
    </Cell>
    <Cell ss:StyleID="S22"><Data ss:Type="String">Carteira 5</Data>
    </Cell>
   </Row>
   <Row ss:Index="295">
    <Cell ss:StyleID="S22"><Data ss:Type="String">Marcelino Teixeira Santos</Data>
    </Cell>
    <Cell ss:StyleID="S22"><Data ss:Type="String">Carteira 5</Data>
    </Cell>
   </Row>
   <Row ss:Index="296">
    <Cell ss:StyleID="S22"><Data ss:Type="String">Marcelly Teixeira Tinoco</Data>
    </Cell>
    <Cell ss:StyleID="S22"><Data ss:Type="String">Carteira 5</Data>
    </Cell>
   </Row>
   <Row ss:Index="297">
    <Cell ss:StyleID="S22"><Data ss:Type="String">Marcia Cristina da Mota Sales</Data>
    </Cell>
    <Cell ss:StyleID="S22"><Data ss:Type="String">Carteira 5</Data>
    </Cell>
   </Row>
   <Row ss:Index="298">
    <Cell ss:StyleID="S22"><Data ss:Type="String">MARCIA CRISTINA DA SILVA DIAS</Data>
    </Cell>
    <Cell ss:StyleID="S22"><Data ss:Type="String">Carteira 5</Data>
    </Cell>
   </Row>
   <Row ss:Index="299">
    <Cell ss:StyleID="S22"><Data ss:Type="String">Marciel Alan Freitas de Castro</Data>
    </Cell>
    <Cell ss:StyleID="S22"><Data ss:Type="String">Carteira 5</Data>
    </Cell>
   </Row>
   <Row ss:Index="300">
    <Cell ss:StyleID="S22"><Data ss:Type="String">Marcio Roberto Bringhenti</Data>
    </Cell>
    <Cell ss:StyleID="S22"><Data ss:Type="String">Carteira 5</Data>
    </Cell>
   </Row>
   <Row ss:Index="301">
    <Cell ss:StyleID="S22"><Data ss:Type="String">Marco Túlio de Pinho Tavares</Data>
    </Cell>
    <Cell ss:StyleID="S22"><Data ss:Type="String">Carteira 5</Data>
    </Cell>
   </Row>
   <Row ss:Index="302">
    <Cell ss:StyleID="S22"><Data ss:Type="String">Marcos Henrique Martins de Andrade</Data>
    </Cell>
    <Cell ss:StyleID="S22"><Data ss:Type="String">Carteira 5</Data>
    </Cell>
   </Row>
   <Row ss:Index="303">
    <Cell ss:StyleID="S22"><Data ss:Type="String">Marcos Kayro Lopes Pontes</Data>
    </Cell>
    <Cell ss:StyleID="S22"><Data ss:Type="String">Carteira 5</Data>
    </Cell>
   </Row>
   <Row ss:Index="304">
    <Cell ss:StyleID="S22"><Data ss:Type="String">MARIA APARECIDA RODRIGUES ASSUNCAO</Data>
    </Cell>
    <Cell ss:StyleID="S22"><Data ss:Type="String">Carteira 5</Data>
    </Cell>
   </Row>
   <Row ss:Index="305">
    <Cell ss:StyleID="S22"><Data ss:Type="String">MARIA HELENA KUCZKA</Data>
    </Cell>
    <Cell ss:StyleID="S22"><Data ss:Type="String">Carteira 5</Data>
    </Cell>
   </Row>
   <Row ss:Index="306">
    <Cell ss:StyleID="S22"><Data ss:Type="String">MARIA PIEDADE COSTA</Data>
    </Cell>
    <Cell ss:StyleID="S22"><Data ss:Type="String">Carteira 5</Data>
    </Cell>
   </Row>
   <Row ss:Index="307">
    <Cell ss:StyleID="S22"><Data ss:Type="String">Maria Piedade Costa</Data>
    </Cell>
    <Cell ss:StyleID="S22"><Data ss:Type="String">Carteira 5</Data>
    </Cell>
   </Row>
   <Row ss:Index="308">
    <Cell ss:StyleID="S22"><Data ss:Type="String">Maria Themis de Siqueira Campos Moura</Data>
    </Cell>
    <Cell ss:StyleID="S22"><Data ss:Type="String">Carteira 5</Data>
    </Cell>
   </Row>
   <Row ss:Index="309">
    <Cell ss:StyleID="S22"><Data ss:Type="String">MARTA PIRES FERREIRA RIBEIRO</Data>
    </Cell>
    <Cell ss:StyleID="S22"><Data ss:Type="String">Carteira 5</Data>
    </Cell>
   </Row>
   <Row ss:Index="310">
    <Cell ss:StyleID="S22"><Data ss:Type="String">Mateus Duarte Cal</Data>
    </Cell>
    <Cell ss:StyleID="S22"><Data ss:Type="String">Carteira 5</Data>
    </Cell>
   </Row>
   <Row ss:Index="311">
    <Cell ss:StyleID="S22"><Data ss:Type="String">Mayhara Jordanna Lira Da Costa</Data>
    </Cell>
    <Cell ss:StyleID="S22"><Data ss:Type="String">Carteira 5</Data>
    </Cell>
   </Row>
   <Row ss:Index="312">
    <Cell ss:StyleID="S22"><Data ss:Type="String">MICHEL FRANK NASCIMENTO RODRIGUES</Data>
    </Cell>
    <Cell ss:StyleID="S22"><Data ss:Type="String">Carteira 5</Data>
    </Cell>
   </Row>
   <Row ss:Index="313">
    <Cell ss:StyleID="S22"><Data ss:Type="String">Mike Dias Reis</Data>
    </Cell>
    <Cell ss:StyleID="S22"><Data ss:Type="String">Carteira 5</Data>
    </Cell>
   </Row>
   <Row ss:Index="314">
    <Cell ss:StyleID="S22"><Data ss:Type="String">Mirian Carla da Silva</Data>
    </Cell>
    <Cell ss:StyleID="S22"><Data ss:Type="String">Carteira 5</Data>
    </Cell>
   </Row>
   <Row ss:Index="315">
    <Cell ss:StyleID="S22"><Data ss:Type="String">Nilza Lopes Barra</Data>
    </Cell>
    <Cell ss:StyleID="S22"><Data ss:Type="String">Carteira 5</Data>
    </Cell>
   </Row>
   <Row ss:Index="316">
    <Cell ss:StyleID="S22"><Data ss:Type="String">Oráculo cursos Ltda</Data>
    </Cell>
    <Cell ss:StyleID="S22"><Data ss:Type="String">Carteira 5</Data>
    </Cell>
   </Row>
   <Row ss:Index="317">
    <Cell ss:StyleID="S22"><Data ss:Type="String">PABLO DOS SANTOS SILVARES</Data>
    </Cell>
    <Cell ss:StyleID="S22"><Data ss:Type="String">Carteira 5</Data>
    </Cell>
   </Row>
   <Row ss:Index="318">
    <Cell ss:StyleID="S22"><Data ss:Type="String">PAULO FERNANDES PERES</Data>
    </Cell>
    <Cell ss:StyleID="S22"><Data ss:Type="String">Carteira 5</Data>
    </Cell>
   </Row>
   <Row ss:Index="319">
    <Cell ss:StyleID="S22"><Data ss:Type="String">Raiane Beatriz Romolo</Data>
    </Cell>
    <Cell ss:StyleID="S22"><Data ss:Type="String">Carteira 5</Data>
    </Cell>
   </Row>
   <Row ss:Index="320">
    <Cell ss:StyleID="S22"><Data ss:Type="String">Raul Rodrigues Vieira (PARCEIRO)</Data>
    </Cell>
    <Cell ss:StyleID="S22"><Data ss:Type="String">Carteira 5</Data>
    </Cell>
   </Row>
   <Row ss:Index="321">
    <Cell ss:StyleID="S22"><Data ss:Type="String">REGINA ELIZABETH COSTA DE ALMEIDA</Data>
    </Cell>
    <Cell ss:StyleID="S22"><Data ss:Type="String">Carteira 5</Data>
    </Cell>
   </Row>
   <Row ss:Index="322">
    <Cell ss:StyleID="S22"><Data ss:Type="String">Renata Martins Bispo</Data>
    </Cell>
    <Cell ss:StyleID="S22"><Data ss:Type="String">Carteira 5</Data>
    </Cell>
   </Row>
   <Row ss:Index="323">
    <Cell ss:StyleID="S22"><Data ss:Type="String">RIANE LEANDRO DE SOUZA</Data>
    </Cell>
    <Cell ss:StyleID="S22"><Data ss:Type="String">Carteira 5</Data>
    </Cell>
   </Row>
   <Row ss:Index="324">
    <Cell ss:StyleID="S22"><Data ss:Type="String">Riane Leandro de Souza</Data>
    </Cell>
    <Cell ss:StyleID="S22"><Data ss:Type="String">Carteira 5</Data>
    </Cell>
   </Row>
   <Row ss:Index="325">
    <Cell ss:StyleID="S22"><Data ss:Type="String">RICARDO RODRIGUES PEREIRA</Data>
    </Cell>
    <Cell ss:StyleID="S22"><Data ss:Type="String">Carteira 5</Data>
    </Cell>
   </Row>
   <Row ss:Index="326">
    <Cell ss:StyleID="S22"><Data ss:Type="String">Riviane Oliveira dos Santos</Data>
    </Cell>
    <Cell ss:StyleID="S22"><Data ss:Type="String">Carteira 5</Data>
    </Cell>
   </Row>
   <Row ss:Index="327">
    <Cell ss:StyleID="S22"><Data ss:Type="String">Robson Cláudio da Silva</Data>
    </Cell>
    <Cell ss:StyleID="S22"><Data ss:Type="String">Carteira 5</Data>
    </Cell>
   </Row>
   <Row ss:Index="328">
    <Cell ss:StyleID="S22"><Data ss:Type="String">ROMONIQUE GLEYSON FERREIRA MATOS</Data>
    </Cell>
    <Cell ss:StyleID="S22"><Data ss:Type="String">Carteira 5</Data>
    </Cell>
   </Row>
   <Row ss:Index="329">
    <Cell ss:StyleID="S22"><Data ss:Type="String">Rosimar Soares Mollendorff - Creche Broto Novo Ltda</Data>
    </Cell>
    <Cell ss:StyleID="S22"><Data ss:Type="String">Carteira 5</Data>
    </Cell>
   </Row>
   <Row ss:Index="330">
    <Cell ss:StyleID="S22"><Data ss:Type="String">Rozane Simone Fonseca Armelin da Silva</Data>
    </Cell>
    <Cell ss:StyleID="S22"><Data ss:Type="String">Carteira 5</Data>
    </Cell>
   </Row>
   <Row ss:Index="331">
    <Cell ss:StyleID="S22"><Data ss:Type="String">Samara Ribeiro de Araujo Ferreira</Data>
    </Cell>
    <Cell ss:StyleID="S22"><Data ss:Type="String">Carteira 5</Data>
    </Cell>
   </Row>
   <Row ss:Index="332">
    <Cell ss:StyleID="S22"><Data ss:Type="String">Samara Ribeiro De Araujo Ferreira</Data>
    </Cell>
    <Cell ss:StyleID="S22"><Data ss:Type="String">Carteira 5</Data>
    </Cell>
   </Row>
   <Row ss:Index="333">
    <Cell ss:StyleID="S22"><Data ss:Type="String">Sandra Bengozi de Carvalho</Data>
    </Cell>
    <Cell ss:StyleID="S22"><Data ss:Type="String">Carteira 5</Data>
    </Cell>
   </Row>
   <Row ss:Index="334">
    <Cell ss:StyleID="S22"><Data ss:Type="String">SILVANIA CURTY DO COUTO/JEIVES PERES</Data>
    </Cell>
    <Cell ss:StyleID="S22"><Data ss:Type="String">Carteira 5</Data>
    </Cell>
   </Row>
   <Row ss:Index="335">
    <Cell ss:StyleID="S22"><Data ss:Type="String">Simone dos Santos Severino Campista</Data>
    </Cell>
    <Cell ss:StyleID="S22"><Data ss:Type="String">Carteira 5</Data>
    </Cell>
   </Row>
   <Row ss:Index="336">
    <Cell ss:StyleID="S22"><Data ss:Type="String">SIVALDO JOSÉ RIBEIRO AMORIM</Data>
    </Cell>
    <Cell ss:StyleID="S22"><Data ss:Type="String">Carteira 5</Data>
    </Cell>
   </Row>
   <Row ss:Index="337">
    <Cell ss:StyleID="S22"><Data ss:Type="String">SOLANGE APARECIDA LOPES</Data>
    </Cell>
    <Cell ss:StyleID="S22"><Data ss:Type="String">Carteira 5</Data>
    </Cell>
   </Row>
   <Row ss:Index="338">
    <Cell ss:StyleID="S22"><Data ss:Type="String">Suênia Kercia dos Santos Sales</Data>
    </Cell>
    <Cell ss:StyleID="S22"><Data ss:Type="String">Carteira 5</Data>
    </Cell>
   </Row>
   <Row ss:Index="339">
    <Cell ss:StyleID="S22"><Data ss:Type="String">T R C ROCHA - PROMOÇÃO E DIVULGAÇÃO</Data>
    </Cell>
    <Cell ss:StyleID="S22"><Data ss:Type="String">Carteira 5</Data>
    </Cell>
   </Row>
   <Row ss:Index="340">
    <Cell ss:StyleID="S22"><Data ss:Type="String">TANIA FERREIRA DE ALMEIDA HOLUB</Data>
    </Cell>
    <Cell ss:StyleID="S22"><Data ss:Type="String">Carteira 5</Data>
    </Cell>
   </Row>
   <Row ss:Index="341">
    <Cell ss:StyleID="S22"><Data ss:Type="String">Tatiane Regina Lopes Aguilheira Cunha</Data>
    </Cell>
    <Cell ss:StyleID="S22"><Data ss:Type="String">Carteira 5</Data>
    </Cell>
   </Row>
   <Row ss:Index="342">
    <Cell ss:StyleID="S22"><Data ss:Type="String">Telma Regina de Melo Molina Pedroso</Data>
    </Cell>
    <Cell ss:StyleID="S22"><Data ss:Type="String">Carteira 5</Data>
    </Cell>
   </Row>
   <Row ss:Index="343">
    <Cell ss:StyleID="S22"><Data ss:Type="String">Telma Regina de Melo Molina Pedroso</Data>
    </Cell>
    <Cell ss:StyleID="S22"><Data ss:Type="String">Carteira 5</Data>
    </Cell>
   </Row>
   <Row ss:Index="344">
    <Cell ss:StyleID="S22"><Data ss:Type="String">TERCIO CARLOS XAVIER</Data>
    </Cell>
    <Cell ss:StyleID="S22"><Data ss:Type="String">Carteira 5</Data>
    </Cell>
   </Row>
   <Row ss:Index="345">
    <Cell ss:StyleID="S22"><Data ss:Type="String">Tiago Rodrigues Santos</Data>
    </Cell>
    <Cell ss:StyleID="S22"><Data ss:Type="String">Carteira 5</Data>
    </Cell>
   </Row>
   <Row ss:Index="346">
    <Cell ss:StyleID="S22"><Data ss:Type="String">Ulisses Nyland</Data>
    </Cell>
    <Cell ss:StyleID="S22"><Data ss:Type="String">Carteira 5</Data>
    </Cell>
   </Row>
   <Row ss:Index="347">
    <Cell ss:StyleID="S22"><Data ss:Type="String">VALTER DOS ANJOS SOUZA (PARCEIRO)</Data>
    </Cell>
    <Cell ss:StyleID="S22"><Data ss:Type="String">Carteira 5</Data>
    </Cell>
   </Row>
   <Row ss:Index="348">
    <Cell ss:StyleID="S22"><Data ss:Type="String">VERONICA TEIXEIRA DE SOUZA ARAUJO</Data>
    </Cell>
    <Cell ss:StyleID="S22"><Data ss:Type="String">Carteira 5</Data>
    </Cell>
   </Row>
   <Row ss:Index="349">
    <Cell ss:StyleID="S22"><Data ss:Type="String">WALMIR DOS SANTOS TEIXEIRA / ROSELIA</Data>
    </Cell>
    <Cell ss:StyleID="S22"><Data ss:Type="String">Carteira 5</Data>
    </Cell>
   </Row>
   <Row ss:Index="350">
    <Cell ss:StyleID="S22"><Data ss:Type="String">Walter Monteiro</Data>
    </Cell>
    <Cell ss:StyleID="S22"><Data ss:Type="String">Carteira 5</Data>
    </Cell>
   </Row>
   <Row ss:Index="351">
    <Cell ss:StyleID="S22"><Data ss:Type="String">WANCARLOS JOSE MUELLER NETO</Data>
    </Cell>
    <Cell ss:StyleID="S22"><Data ss:Type="String">Carteira 5</Data>
    </Cell>
   </Row>
   <Row ss:Index="352">
    <Cell ss:StyleID="S22"><Data ss:Type="String">Wancarlos José Mueller Neto</Data>
    </Cell>
    <Cell ss:StyleID="S22"><Data ss:Type="String">Carteira 5</Data>
    </Cell>
   </Row>
   <Row ss:Index="353">
    <Cell ss:StyleID="S22"><Data ss:Type="String">WARLEY EMANUEL DE OLIVEIRA</Data>
    </Cell>
    <Cell ss:StyleID="S22"><Data ss:Type="String">Carteira 5</Data>
    </Cell>
   </Row>
   <Row ss:Index="354">
    <Cell ss:StyleID="S22"><Data ss:Type="String">WEYDER SOUZA VIEIRA (PARCEIRO)</Data>
    </Cell>
    <Cell ss:StyleID="S22"><Data ss:Type="String">Carteira 5</Data>
    </Cell>
   </Row>
   <Row ss:Index="355">
    <Cell ss:StyleID="S22"><Data ss:Type="String">ALESSANDRO FAUSTINO BRUSCHI</Data>
    </Cell>
    <Cell ss:StyleID="S22"><Data ss:Type="String">Carteira 6</Data>
    </Cell>
   </Row>
   <Row ss:Index="356">
    <Cell ss:StyleID="S22"><Data ss:Type="String">AUDREY RODRIGUES DOS SANTOS DIAS</Data>
    </Cell>
    <Cell ss:StyleID="S22"><Data ss:Type="String">Carteira 6</Data>
    </Cell>
   </Row>
   <Row ss:Index="357">
    <Cell ss:StyleID="S22"><Data ss:Type="String">DANUBIA KELLY NUNES BRUSCHI (PARCEIRO)</Data>
    </Cell>
    <Cell ss:StyleID="S22"><Data ss:Type="String">Carteira 6</Data>
    </Cell>
   </Row>
   <Row ss:Index="358">
    <Cell ss:StyleID="S22"><Data ss:Type="String">Marcelo Albuquerque Sarmento</Data>
    </Cell>
    <Cell ss:StyleID="S22"><Data ss:Type="String">Carteira 6</Data>
    </Cell>
   </Row>
   <Row ss:Index="359">
    <Cell ss:StyleID="S22"><Data ss:Type="String">MARCIENI ALVES VIEIRA</Data>
    </Cell>
    <Cell ss:StyleID="S22"><Data ss:Type="String">Carteira 6</Data>
    </Cell>
   </Row>
   <Row ss:Index="360">
    <Cell ss:StyleID="S22"><Data ss:Type="String">PATRICIA VESZ</Data>
    </Cell>
    <Cell ss:StyleID="S22"><Data ss:Type="String">Carteira 6</Data>
    </Cell>
   </Row>
  </ss:Table>
  <WorksheetOptions xmlns="urn:schemas-microsoft-com:office:excel">
   <PageSetup>
    <Header x:Margin="0.3" />
    <Footer x:Margin="0.3" />
    <PageMargins x:Top="0.75" x:Bottom="0.75" x:Left="0.7" x:Right="0.7" />
   </PageSetup>
   <Print>
    <PaperSizeIndex>9</PaperSizeIndex>
    <HorizontalResolution>600</HorizontalResolution>
    <VerticalResolution>600</VerticalResolution>
   </Print>
   <TopRowVisible>345</TopRowVisible>
   <Panes>
    <Pane>
     <Number>3</Number>
     <ActiveRow>6</ActiveRow>
     <ActiveCol>2</ActiveCol>
     <RangeSelection>R7C3</RangeSelection>
    </Pane>
   </Panes>
  </WorksheetOptions>
  <AutoFilter x:Range="R1C1:R1C2" xmlns="urn:schemas-microsoft-com:office:excel" />
 </Worksheet>
</Workbook>
